service_id,service_name,source_service,target_service,request_latency,request_volume,cpu_usage,memory_usage,error_rate,service_criticality,environment,timestamp
svc_006,Notification Service,Order Service,Notification Service,69.36,3690,72.77,1080.0,0.0424,medium,production,2026-02-25T18:49:23.561661
svc_010,Analytics Service,Order Service,Analytics Service,111.8,2689,44.9,1153.0,0.0311,low,production,2026-02-25T18:56:23.561661
svc_014,Email Service,Notification Service,Email Service,163.82,4799,22.78,730.0,0.0206,medium,production,2026-02-25T19:00:23.561661
svc_011,Logging Service,API Gateway,Logging Service,167.64,1403,11.61,560.0,0.0329,medium,production,2026-02-25T19:03:23.561661
svc_013,Cache Service,Search Service,Cache Service,531.72,3925,22.32,1135.0,0.0243,high,production,2026-02-25T19:24:23.561661
svc_003,User Service,Auth Service,User Service,113.22,6174,67.59,1611.0,0.0042,high,production,2026-02-25T19:30:23.561661
svc_013,Cache Service,Search Service,Cache Service,370.17,2927,29.07,602.0,0.0225,high,production,2026-02-25T19:36:23.561661
svc_018,Session Service,Auth Service,Session Service,361.31,2446,39.56,1878.0,0.0017,high,production,2026-02-25T19:41:23.561661
svc_012,Config Service,User Service,Config Service,27.11,2146,11.11,950.0,0.015,high,production,2026-02-25T19:45:23.561661
svc_003,User Service,API Gateway,User Service,170.24,5968,11.83,651.0,0.0299,high,production,2026-02-25T19:49:23.561661
svc_017,Recommendation Service,Search Service,Recommendation Service,150.22,2727,38.49,717.0,0.0257,medium,production,2026-02-25T19:59:23.561661
svc_008,Catalog Service,Inventory Service,Catalog Service,508.58,1004,23.35,1046.0,0.0284,high,production,2026-02-25T20:04:23.561661
svc_018,Session Service,Auth Service,Session Service,479.94,3537,83.86,983.0,0.0324,high,production,2026-02-25T20:17:23.561661
svc_007,Inventory Service,Order Service,Inventory Service,344.62,2502,38.74,1896.0,0.002,high,production,2026-02-25T20:32:23.561661
svc_009,Search Service,API Gateway,Search Service,57.79,2648,32.54,1620.0,0.0012,medium,production,2026-02-25T20:47:23.561661
svc_004,Order Service,API Gateway,Order Service,311.76,9233,27.46,389.0,0.0363,critical,production,2026-02-25T21:08:23.561661
svc_010,Analytics Service,User Service,Analytics Service,94.19,5681,61.21,1379.0,0.0479,low,production,2026-02-25T21:17:23.561661
svc_013,Cache Service,Catalog Service,Cache Service,54.34,5259,28.91,1841.0,0.02,high,production,2026-02-25T21:37:23.561661
svc_007,Inventory Service,Order Service,Inventory Service,251.16,1252,48.16,1244.0,0.0147,high,production,2026-02-25T21:56:23.561661
svc_013,Cache Service,Search Service,Cache Service,479.2,3527,36.45,497.0,0.0278,high,production,2026-02-25T22:02:23.561661
svc_012,Config Service,User Service,Config Service,90.2,513,22.34,1965.0,0.0172,high,production,2026-02-25T22:04:23.561661
svc_013,Cache Service,Catalog Service,Cache Service,445.83,2163,21.74,1846.0,0.0442,high,production,2026-02-25T22:04:23.561661
svc_015,Report Service,Analytics Service,Report Service,456.68,1212,32.46,1593.0,0.0389,low,production,2026-02-25T22:05:23.561661
svc_010,Analytics Service,User Service,Analytics Service,399.85,4400,15.38,840.0,0.0375,low,production,2026-02-25T22:06:23.561661
svc_003,User Service,Auth Service,User Service,226.32,8436,44.73,679.0,0.049,high,production,2026-02-25T22:56:23.561661
svc_011,Logging Service,API Gateway,Logging Service,277.23,1032,76.41,1312.0,0.0194,medium,production,2026-02-25T23:08:23.561661
svc_009,Search Service,API Gateway,Search Service,237.67,8769,45.14,1466.0,0.0215,medium,production,2026-02-25T23:11:23.561661
svc_006,Notification Service,Payment Service,Notification Service,335.93,4259,22.61,335.0,0.0327,medium,production,2026-02-25T23:14:23.561661
svc_008,Catalog Service,Inventory Service,Catalog Service,308.41,557,28.56,1037.0,0.0057,high,production,2026-02-25T23:17:23.561661
svc_012,Config Service,Auth Service,Config Service,475.71,3148,23.01,1433.0,0.0486,high,production,2026-02-25T23:49:23.561661
svc_009,Search Service,API Gateway,Search Service,341.04,1158,82.05,316.0,0.0077,medium,production,2026-02-26T00:01:23.561661
svc_017,Recommendation Service,Search Service,Recommendation Service,310.33,3169,23.98,690.0,0.0311,medium,production,2026-02-26T00:12:23.561661
svc_010,Analytics Service,User Service,Analytics Service,38.43,6877,48.15,766.0,0.0499,low,production,2026-02-26T00:18:23.561661
svc_013,Cache Service,Catalog Service,Cache Service,136.45,5944,52.98,963.0,0.0404,high,production,2026-02-26T00:23:23.561661
svc_010,Analytics Service,User Service,Analytics Service,216.89,3947,61.61,773.0,0.0168,low,production,2026-02-26T00:25:23.561661
svc_010,Analytics Service,User Service,Analytics Service,295.25,299,27.58,1711.0,0.0286,low,production,2026-02-26T01:25:23.561661
svc_016,Billing Service,Payment Service,Billing Service,23.42,4657,55.68,1827.0,0.0095,high,production,2026-02-26T01:37:23.561661
svc_012,Config Service,User Service,Config Service,121.0,3745,22.66,1976.0,0.0104,high,production,2026-02-26T01:39:23.561661
svc_002,Auth Service,API Gateway,Auth Service,286.85,3763,51.79,1661.0,0.0374,critical,production,2026-02-26T01:45:23.561661
svc_005,Payment Service,Order Service,Payment Service,343.65,8755,48.82,136.0,0.0394,critical,production,2026-02-26T01:46:23.561661
svc_004,Order Service,API Gateway,Order Service,424.62,7854,60.89,1671.0,0.0022,critical,production,2026-02-26T01:49:23.561661
svc_009,Search Service,API Gateway,Search Service,33.05,4728,32.63,397.0,0.0437,medium,production,2026-02-26T02:08:23.561661
svc_016,Billing Service,Payment Service,Billing Service,433.12,5339,47.25,1180.0,0.0258,high,production,2026-02-26T02:13:23.561661
svc_016,Billing Service,Payment Service,Billing Service,418.19,2838,68.43,592.0,0.0146,high,production,2026-02-26T02:30:23.561661
svc_018,Session Service,Auth Service,Session Service,66.03,6854,17.28,197.0,0.0475,high,production,2026-02-26T02:35:23.561661
svc_012,Config Service,Auth Service,Config Service,223.47,9582,52.03,594.0,0.0194,high,production,2026-02-26T02:37:23.561661
svc_005,Payment Service,Order Service,Payment Service,420.35,2178,66.62,1497.0,0.0272,critical,production,2026-02-26T02:48:23.561661
svc_017,Recommendation Service,Search Service,Recommendation Service,418.43,4703,48.95,926.0,0.0362,medium,production,2026-02-26T03:08:23.561661
svc_004,Order Service,API Gateway,Order Service,184.34,4943,32.0,787.0,0.0223,critical,production,2026-02-26T03:13:23.561661
svc_008,Catalog Service,Inventory Service,Catalog Service,175.78,4753,42.42,1871.0,0.0373,high,production,2026-02-26T03:56:23.561661
svc_012,Config Service,Order Service,Config Service,217.71,368,74.32,1410.0,0.0224,high,production,2026-02-26T04:19:23.561661
svc_015,Report Service,Billing Service,Report Service,357.18,5147,44.54,579.0,0.0361,low,production,2026-02-26T04:25:23.561661
svc_009,Search Service,API Gateway,Search Service,328.44,4248,31.71,1749.0,0.0244,medium,production,2026-02-26T04:40:23.561661
svc_010,Analytics Service,Order Service,Analytics Service,87.96,7815,11.97,1319.0,0.0404,low,production,2026-02-26T05:17:23.561661
svc_012,Config Service,Order Service,Config Service,37.34,4570,33.86,2047.0,0.0499,high,production,2026-02-26T05:18:23.561661
svc_016,Billing Service,Payment Service,Billing Service,327.31,6823,76.17,799.0,0.0369,high,production,2026-02-26T05:18:23.561661
svc_011,Logging Service,API Gateway,Logging Service,399.84,1274,13.62,1873.0,0.0278,medium,production,2026-02-26T05:23:23.561661
svc_012,Config Service,Order Service,Config Service,276.52,4317,21.26,468.0,0.0154,high,production,2026-02-26T05:27:23.561661
svc_009,Search Service,API Gateway,Search Service,300.53,6177,79.69,1405.0,0.0058,medium,production,2026-02-26T05:44:23.561661
svc_012,Config Service,Auth Service,Config Service,319.84,9337,58.48,268.0,0.024,high,production,2026-02-26T05:48:23.561661
svc_005,Payment Service,Order Service,Payment Service,311.83,5248,18.67,888.0,0.0433,critical,production,2026-02-26T06:02:23.561661
svc_005,Payment Service,Order Service,Payment Service,290.82,7446,81.31,1668.0,0.0421,critical,production,2026-02-26T06:06:23.561661
svc_014,Email Service,Notification Service,Email Service,338.74,2001,9.9,939.0,0.0148,medium,production,2026-02-26T06:36:23.561661
svc_009,Search Service,Catalog Service,Search Service,400.75,410,47.19,980.0,0.0415,medium,production,2026-02-26T06:56:23.561661
svc_011,Logging Service,API Gateway,Logging Service,222.83,8257,83.52,602.0,0.0231,medium,production,2026-02-26T07:55:23.561661
svc_002,Auth Service,API Gateway,Auth Service,279.97,5522,29.09,1926.0,0.0103,critical,production,2026-02-26T08:26:23.561661
svc_010,Analytics Service,User Service,Analytics Service,333.13,4326,54.92,1316.0,0.0318,low,production,2026-02-26T08:41:23.561661
svc_008,Catalog Service,Inventory Service,Catalog Service,449.15,2207,26.92,469.0,0.0107,high,production,2026-02-26T08:46:23.561661
svc_013,Cache Service,Catalog Service,Cache Service,241.29,3225,38.64,880.0,0.0306,high,production,2026-02-26T08:46:23.561661
svc_003,User Service,Auth Service,User Service,216.88,3356,18.18,414.0,0.0132,high,production,2026-02-26T08:57:23.561661
svc_006,Notification Service,Payment Service,Notification Service,343.79,2285,38.82,1305.0,0.0035,medium,production,2026-02-26T08:59:23.561661
svc_004,Order Service,API Gateway,Order Service,246.02,7555,38.26,176.0,0.0179,critical,production,2026-02-26T09:04:23.561661
svc_017,Recommendation Service,Search Service,Recommendation Service,495.91,4798,25.53,840.0,0.049,medium,production,2026-02-26T09:41:23.561661
svc_010,Analytics Service,User Service,Analytics Service,123.75,1853,24.99,1273.0,0.0403,low,production,2026-02-26T09:49:23.561661
svc_009,Search Service,API Gateway,Search Service,181.66,365,74.48,1653.0,0.0373,medium,production,2026-02-26T09:57:23.561661
svc_018,Session Service,Auth Service,Session Service,337.64,5258,77.22,936.0,0.0202,high,production,2026-02-26T10:01:23.561661
svc_011,Logging Service,API Gateway,Logging Service,329.57,1326,71.21,329.0,0.027,medium,production,2026-02-26T10:13:23.561661
svc_006,Notification Service,Order Service,Notification Service,116.52,3481,81.61,548.0,0.0384,medium,production,2026-02-26T10:19:23.561661
svc_013,Cache Service,Search Service,Cache Service,471.93,3652,41.54,603.0,0.0172,high,production,2026-02-26T10:27:23.561661
svc_013,Cache Service,Search Service,Cache Service,497.84,6066,14.96,150.0,0.0403,high,production,2026-02-26T10:28:23.561661
svc_009,Search Service,Catalog Service,Search Service,519.01,2909,26.01,1035.0,0.003,medium,production,2026-02-26T10:29:23.561661
svc_012,Config Service,User Service,Config Service,359.24,1202,47.24,518.0,0.0203,high,production,2026-02-26T10:34:23.561661
svc_009,Search Service,API Gateway,Search Service,63.44,4789,20.41,273.0,0.0384,medium,production,2026-02-26T10:38:23.561661
svc_004,Order Service,API Gateway,Order Service,54.09,9660,70.45,945.0,0.0495,critical,production,2026-02-26T10:49:23.561661
svc_007,Inventory Service,Order Service,Inventory Service,233.13,4679,39.1,225.0,0.0213,high,production,2026-02-26T11:06:23.561661
svc_015,Report Service,Analytics Service,Report Service,441.62,2266,32.69,790.0,0.017,low,production,2026-02-26T11:17:23.561661
svc_009,Search Service,API Gateway,Search Service,371.39,2483,19.4,1820.0,0.0435,medium,production,2026-02-26T11:34:23.561661
svc_016,Billing Service,Payment Service,Billing Service,208.46,9206,33.6,869.0,0.0164,high,production,2026-02-26T11:35:23.561661
svc_003,User Service,Auth Service,User Service,144.2,9678,19.47,1114.0,0.0365,high,production,2026-02-26T11:58:23.561661
svc_015,Report Service,Analytics Service,Report Service,486.97,2469,20.8,1341.0,0.0376,low,production,2026-02-26T11:59:23.561661
svc_017,Recommendation Service,Search Service,Recommendation Service,462.67,592,45.45,394.0,0.0361,medium,production,2026-02-26T12:27:23.561661
svc_009,Search Service,Catalog Service,Search Service,513.97,4821,36.73,2015.0,0.0159,medium,production,2026-02-26T12:29:23.561661
svc_010,Analytics Service,User Service,Analytics Service,207.94,4832,62.22,820.0,0.0443,low,production,2026-02-26T12:33:23.561661
svc_003,User Service,Auth Service,User Service,489.16,1991,51.12,555.0,0.0308,high,production,2026-02-26T12:33:23.561661
svc_002,Auth Service,API Gateway,Auth Service,216.16,2385,21.82,861.0,0.0156,critical,production,2026-02-26T12:35:23.561661
svc_012,Config Service,Auth Service,Config Service,133.16,5975,42.2,742.0,0.0477,high,production,2026-02-26T12:38:23.561661
svc_017,Recommendation Service,Search Service,Recommendation Service,536.34,1007,47.62,1699.0,0.0487,medium,production,2026-02-26T12:41:23.561661
svc_014,Email Service,Notification Service,Email Service,461.52,10,50.93,1052.0,0.0012,medium,production,2026-02-26T13:38:23.561661
svc_013,Cache Service,Catalog Service,Cache Service,41.57,639,40.14,966.0,0.0235,high,production,2026-02-26T13:44:23.561661
svc_003,User Service,API Gateway,User Service,240.67,3011,23.0,1575.0,0.0287,high,production,2026-02-26T13:51:23.561661
svc_003,User Service,API Gateway,User Service,81.44,8184,72.23,577.0,0.003,high,production,2026-02-26T13:58:23.561661
svc_014,Email Service,Notification Service,Email Service,305.88,2443,20.27,1380.0,0.0325,medium,production,2026-02-26T14:03:23.561661
svc_005,Payment Service,Order Service,Payment Service,498.77,3990,73.41,1493.0,0.0112,critical,production,2026-02-26T14:29:23.561661
svc_015,Report Service,Analytics Service,Report Service,333.92,1359,8.6,1300.0,0.0376,low,production,2026-02-26T14:33:23.561661
svc_015,Report Service,Billing Service,Report Service,497.98,2749,39.54,883.0,0.001,low,production,2026-02-26T14:50:23.561661
svc_016,Billing Service,Payment Service,Billing Service,271.97,2259,43.06,1455.0,0.0274,high,production,2026-02-26T14:52:23.561661
svc_012,Config Service,Order Service,Config Service,142.43,3963,36.73,1138.0,0.0154,high,production,2026-02-26T15:03:23.561661
svc_009,Search Service,Catalog Service,Search Service,301.93,7643,58.59,538.0,0.0266,medium,production,2026-02-26T15:11:23.561661
svc_015,Report Service,Billing Service,Report Service,300.52,2381,30.58,1522.0,0.0343,low,production,2026-02-26T15:29:23.561661
svc_015,Report Service,Billing Service,Report Service,138.98,7739,27.49,690.0,0.0208,low,production,2026-02-26T15:35:23.561661
svc_010,Analytics Service,Order Service,Analytics Service,491.38,1629,70.17,1594.0,0.0102,low,production,2026-02-26T15:42:23.561661
svc_004,Order Service,API Gateway,Order Service,257.09,5121,13.5,1683.0,0.0448,critical,production,2026-02-26T15:50:23.561661
svc_009,Search Service,Catalog Service,Search Service,329.61,6749,18.76,2032.0,0.0165,medium,production,2026-02-26T15:56:23.561661
svc_006,Notification Service,Payment Service,Notification Service,205.29,8562,19.57,646.0,0.0327,medium,production,2026-02-26T16:03:23.561661
svc_007,Inventory Service,Order Service,Inventory Service,172.1,9007,51.98,1258.0,0.0281,high,production,2026-02-26T16:10:23.561661
svc_012,Config Service,User Service,Config Service,125.06,1942,18.51,1287.0,0.0336,high,production,2026-02-26T16:28:23.561661
svc_009,Search Service,API Gateway,Search Service,457.78,2056,68.15,1112.0,0.0164,medium,production,2026-02-26T16:31:23.561661
svc_013,Cache Service,Search Service,Cache Service,156.76,2823,41.85,1738.0,0.0494,high,production,2026-02-26T16:31:23.561661
svc_003,User Service,Auth Service,User Service,193.86,6145,53.38,688.0,0.0437,high,production,2026-02-26T16:41:23.561661
svc_018,Session Service,Auth Service,Session Service,225.53,3035,42.19,655.0,0.0317,high,production,2026-02-26T16:48:23.561661
svc_018,Session Service,Auth Service,Session Service,46.33,987,53.77,784.0,0.0223,high,production,2026-02-26T16:57:23.561661
svc_005,Payment Service,Order Service,Payment Service,62.61,8217,81.5,1362.0,0.0419,critical,production,2026-02-26T17:51:23.561661
svc_010,Analytics Service,Order Service,Analytics Service,171.02,1620,39.35,671.0,0.0447,low,production,2026-02-26T18:18:23.561661
svc_002,Auth Service,API Gateway,Auth Service,474.05,5560,56.94,1642.0,0.0317,critical,production,2026-02-26T18:24:23.561661
svc_011,Logging Service,API Gateway,Logging Service,159.92,1517,45.99,433.0,0.0342,medium,production,2026-02-26T18:41:23.561661
svc_015,Report Service,Analytics Service,Report Service,244.87,3110,14.77,1442.0,0.0059,low,production,2026-02-26T18:45:23.561661
svc_004,Order Service,API Gateway,Order Service,220.33,10,77.36,1239.0,0.0175,critical,production,2026-02-26T18:57:23.561661
svc_009,Search Service,API Gateway,Search Service,327.72,8524,52.6,470.0,0.0196,medium,production,2026-02-26T19:08:23.561661
svc_017,Recommendation Service,Search Service,Recommendation Service,26.52,3303,38.16,530.0,0.0428,medium,production,2026-02-26T19:13:23.561661
svc_012,Config Service,Auth Service,Config Service,383.34,4574,31.48,158.0,0.0458,high,production,2026-02-26T19:15:23.561661
svc_010,Analytics Service,User Service,Analytics Service,279.01,2171,36.79,436.0,0.0069,low,production,2026-02-26T19:29:23.561661
svc_009,Search Service,Catalog Service,Search Service,295.36,5755,60.13,1534.0,0.0207,medium,production,2026-02-26T19:37:23.561661
svc_018,Session Service,Auth Service,Session Service,410.5,5125,67.24,1152.0,0.0402,high,production,2026-02-26T20:00:23.561661
svc_014,Email Service,Notification Service,Email Service,184.04,3075,29.28,1989.0,0.0357,medium,production,2026-02-26T20:01:23.561661
svc_015,Report Service,Billing Service,Report Service,279.2,5416,55.89,1746.0,0.0327,low,production,2026-02-26T20:23:23.561661
svc_010,Analytics Service,User Service,Analytics Service,488.47,27,63.14,1675.0,0.0184,low,production,2026-02-26T20:29:23.561661
svc_006,Notification Service,Payment Service,Notification Service,151.04,7922,19.48,362.0,0.0466,medium,production,2026-02-26T20:52:23.561661
svc_014,Email Service,Notification Service,Email Service,148.51,3305,7.78,1764.0,0.0243,medium,production,2026-02-26T20:55:23.561661
svc_003,User Service,API Gateway,User Service,335.3,532,43.61,657.0,0.006,high,production,2026-02-26T21:11:23.561661
svc_006,Notification Service,Order Service,Notification Service,411.61,7722,34.46,849.0,0.0193,medium,production,2026-02-26T21:18:23.561661
svc_010,Analytics Service,User Service,Analytics Service,280.31,218,36.57,1245.0,0.048,low,production,2026-02-26T21:26:23.561661
svc_016,Billing Service,Payment Service,Billing Service,148.95,916,52.73,1272.0,0.0474,high,production,2026-02-26T21:28:23.561661
svc_017,Recommendation Service,Search Service,Recommendation Service,378.7,2658,46.32,381.0,0.0116,medium,production,2026-02-26T21:37:23.561661
svc_016,Billing Service,Payment Service,Billing Service,151.02,1349,20.98,252.0,0.004,high,production,2026-02-26T21:38:23.561661
svc_007,Inventory Service,Order Service,Inventory Service,203.34,4950,70.4,1911.0,0.0459,high,production,2026-02-26T21:42:23.561661
svc_004,Order Service,API Gateway,Order Service,492.04,1089,44.31,633.0,0.0096,critical,production,2026-02-26T22:10:23.561661
svc_012,Config Service,User Service,Config Service,87.88,7106,14.75,344.0,0.0487,high,production,2026-02-26T22:30:23.561661
svc_006,Notification Service,Payment Service,Notification Service,197.01,6854,20.86,1309.0,0.0224,medium,production,2026-02-26T22:31:23.561661
svc_003,User Service,Auth Service,User Service,467.6,2433,20.32,2029.0,0.0302,high,production,2026-02-26T22:32:23.561661
svc_005,Payment Service,Order Service,Payment Service,237.35,4536,47.55,1928.0,0.0099,critical,production,2026-02-26T22:37:23.561661
svc_006,Notification Service,Order Service,Notification Service,198.91,2062,65.32,1094.0,0.0492,medium,production,2026-02-26T23:11:23.561661
svc_006,Notification Service,Order Service,Notification Service,254.68,6458,57.22,423.0,0.0401,medium,production,2026-02-26T23:13:23.561661
svc_012,Config Service,Auth Service,Config Service,440.54,7054,49.37,237.0,0.0458,high,production,2026-02-26T23:13:23.561661
svc_006,Notification Service,Payment Service,Notification Service,199.62,4023,13.49,1166.0,0.0163,medium,production,2026-02-26T23:21:23.561661
svc_015,Report Service,Billing Service,Report Service,43.45,2064,13.85,1866.0,0.0375,low,production,2026-02-26T23:32:23.561661
svc_013,Cache Service,Search Service,Cache Service,296.15,3328,45.28,429.0,0.0091,high,production,2026-02-26T23:36:23.561661
svc_013,Cache Service,Search Service,Cache Service,185.18,3919,30.55,1192.0,0.0108,high,production,2026-02-26T23:39:23.561661
svc_005,Payment Service,Order Service,Payment Service,133.49,9207,73.16,130.0,0.012,critical,production,2026-02-26T23:55:23.561661
svc_009,Search Service,Catalog Service,Search Service,268.18,4383,61.89,482.0,0.0348,medium,production,2026-02-27T00:00:23.561661
svc_010,Analytics Service,Order Service,Analytics Service,337.54,4019,27.34,486.0,0.0153,low,production,2026-02-27T00:07:23.561661
svc_012,Config Service,Auth Service,Config Service,209.03,3624,36.37,1833.0,0.0343,high,production,2026-02-27T00:11:23.561661
svc_003,User Service,API Gateway,User Service,278.88,2630,54.71,838.0,0.0293,high,production,2026-02-27T00:14:23.561661
svc_009,Search Service,API Gateway,Search Service,98.93,5940,37.13,1339.0,0.0198,medium,production,2026-02-27T00:24:23.561661
svc_005,Payment Service,Order Service,Payment Service,228.78,2822,83.53,1856.0,0.0154,critical,production,2026-02-27T00:28:23.561661
svc_013,Cache Service,Catalog Service,Cache Service,453.49,6956,32.29,167.0,0.002,high,production,2026-02-27T00:32:23.561661
svc_014,Email Service,Notification Service,Email Service,368.92,2516,36.94,1305.0,0.0422,medium,production,2026-02-27T00:39:23.561661
svc_006,Notification Service,Order Service,Notification Service,173.67,7397,79.99,1660.0,0.0263,medium,production,2026-02-27T00:40:23.561661
svc_009,Search Service,API Gateway,Search Service,410.49,7708,83.76,1085.0,0.0102,medium,production,2026-02-27T00:47:23.561661
svc_011,Logging Service,API Gateway,Logging Service,445.6,1513,43.43,520.0,0.0274,medium,production,2026-02-27T00:52:23.561661
svc_016,Billing Service,Payment Service,Billing Service,442.98,2556,69.99,1813.0,0.0273,high,production,2026-02-27T00:59:23.561661
svc_009,Search Service,Catalog Service,Search Service,459.19,5410,40.11,1025.0,0.0292,medium,production,2026-02-27T01:07:23.561661
svc_008,Catalog Service,Inventory Service,Catalog Service,25.77,2880,57.22,1823.0,0.0143,high,production,2026-02-27T01:37:23.561661
svc_010,Analytics Service,Order Service,Analytics Service,235.35,10,84.53,864.0,0.0339,low,production,2026-02-27T01:39:23.561661
svc_015,Report Service,Billing Service,Report Service,362.89,4627,51.97,1653.0,0.0324,low,production,2026-02-27T01:42:23.561661
svc_006,Notification Service,Payment Service,Notification Service,422.79,1192,21.15,1088.0,0.0079,medium,production,2026-02-27T01:50:23.561661
svc_017,Recommendation Service,Search Service,Recommendation Service,416.87,3209,13.05,1194.0,0.0394,medium,production,2026-02-27T02:07:23.561661
svc_004,Order Service,API Gateway,Order Service,430.52,10,59.83,1470.0,0.0252,critical,production,2026-02-27T02:08:23.561661
svc_005,Payment Service,Order Service,Payment Service,44.47,7297,15.39,888.0,0.0211,critical,production,2026-02-27T02:12:23.561661
svc_004,Order Service,API Gateway,Order Service,415.74,9555,49.99,587.0,0.0111,critical,production,2026-02-27T02:12:23.561661
svc_011,Logging Service,API Gateway,Logging Service,400.18,5057,32.84,1159.0,0.0141,medium,production,2026-02-27T02:14:23.561661
svc_012,Config Service,Auth Service,Config Service,151.77,4300,25.43,653.0,0.0289,high,production,2026-02-27T02:59:23.561661
svc_017,Recommendation Service,Search Service,Recommendation Service,407.37,4737,15.2,1240.0,0.0344,medium,production,2026-02-27T03:10:23.561661
svc_010,Analytics Service,User Service,Analytics Service,454.18,7361,12.94,179.0,0.0036,low,production,2026-02-27T03:12:23.561661
svc_006,Notification Service,Payment Service,Notification Service,230.0,7337,41.08,448.0,0.0232,medium,production,2026-02-27T03:20:23.561661
svc_010,Analytics Service,User Service,Analytics Service,514.39,598,13.61,968.0,0.0441,low,production,2026-02-27T03:21:23.561661
svc_012,Config Service,User Service,Config Service,165.87,3984,67.2,1319.0,0.0181,high,production,2026-02-27T03:28:23.561661
svc_011,Logging Service,API Gateway,Logging Service,496.53,4271,80.11,1664.0,0.0128,medium,production,2026-02-27T03:36:23.561661
svc_007,Inventory Service,Order Service,Inventory Service,89.4,3742,75.58,962.0,0.0145,high,production,2026-02-27T03:39:23.561661
svc_002,Auth Service,API Gateway,Auth Service,143.88,1491,14.1,1687.0,0.0335,critical,production,2026-02-27T03:40:23.561661
svc_009,Search Service,API Gateway,Search Service,213.39,1408,43.65,1869.0,0.0241,medium,production,2026-02-27T04:08:23.561661
svc_013,Cache Service,Catalog Service,Cache Service,335.98,2562,52.4,2025.0,0.0193,high,production,2026-02-27T04:09:23.561661
svc_015,Report Service,Analytics Service,Report Service,162.49,3566,23.62,1340.0,0.0452,low,production,2026-02-27T04:17:23.561661
svc_003,User Service,Auth Service,User Service,392.04,2212,15.15,1989.0,0.0352,high,production,2026-02-27T04:42:23.561661
svc_007,Inventory Service,Order Service,Inventory Service,189.27,2755,74.03,394.0,0.0055,high,production,2026-02-27T04:58:23.561661
svc_011,Logging Service,API Gateway,Logging Service,121.14,7179,17.2,338.0,0.0464,medium,production,2026-02-27T04:58:23.561661
svc_011,Logging Service,API Gateway,Logging Service,418.73,5824,35.0,606.0,0.0458,medium,production,2026-02-27T05:11:23.561661
svc_014,Email Service,Notification Service,Email Service,447.67,1859,11.46,468.0,0.0113,medium,production,2026-02-27T05:14:23.561661
svc_006,Notification Service,Payment Service,Notification Service,101.99,2031,67.92,1928.0,0.0304,medium,production,2026-02-27T05:14:23.561661
svc_009,Search Service,Catalog Service,Search Service,214.64,1380,30.64,1429.0,0.0496,medium,production,2026-02-27T05:21:23.561661
svc_007,Inventory Service,Order Service,Inventory Service,348.15,2653,77.27,205.0,0.0343,high,production,2026-02-27T05:27:23.561661
svc_012,Config Service,User Service,Config Service,38.97,1560,39.11,722.0,0.0105,high,production,2026-02-27T05:28:23.561661
svc_016,Billing Service,Payment Service,Billing Service,104.21,6873,35.1,800.0,0.0024,high,production,2026-02-27T05:47:23.561661
svc_002,Auth Service,API Gateway,Auth Service,419.17,9468,32.3,1755.0,0.0035,critical,production,2026-02-27T06:24:23.561661
svc_015,Report Service,Analytics Service,Report Service,453.06,3850,10.88,527.0,0.0349,low,production,2026-02-27T06:29:23.561661
svc_002,Auth Service,API Gateway,Auth Service,384.6,6882,32.93,298.0,0.0306,critical,production,2026-02-27T06:34:23.561661
svc_010,Analytics Service,Order Service,Analytics Service,445.0,3772,52.91,1999.0,0.0245,low,production,2026-02-27T06:38:23.561661
svc_006,Notification Service,Order Service,Notification Service,244.49,7995,42.9,1539.0,0.0075,medium,production,2026-02-27T06:42:23.561661
svc_002,Auth Service,API Gateway,Auth Service,365.56,8085,22.15,840.0,0.0269,critical,production,2026-02-27T06:43:23.561661
svc_011,Logging Service,API Gateway,Logging Service,161.67,8139,20.19,1724.0,0.0208,medium,production,2026-02-27T06:47:23.561661
svc_007,Inventory Service,Order Service,Inventory Service,232.4,6064,26.47,1293.0,0.0303,high,production,2026-02-27T06:55:23.561661
svc_014,Email Service,Notification Service,Email Service,177.05,5132,22.62,1191.0,0.0397,medium,production,2026-02-27T06:59:23.561661
svc_010,Analytics Service,Order Service,Analytics Service,230.43,858,19.14,1403.0,0.0169,low,production,2026-02-27T07:27:23.561661
svc_006,Notification Service,Order Service,Notification Service,244.57,9154,70.84,1179.0,0.0433,medium,production,2026-02-27T07:43:23.561661
svc_007,Inventory Service,Order Service,Inventory Service,102.27,8621,43.58,1940.0,0.0053,high,production,2026-02-27T07:47:23.561661
svc_003,User Service,API Gateway,User Service,486.64,6684,30.4,1179.0,0.0429,high,production,2026-02-27T07:53:23.561661
svc_003,User Service,API Gateway,User Service,244.31,4642,62.69,1019.0,0.0062,high,production,2026-02-27T08:00:23.561661
svc_016,Billing Service,Payment Service,Billing Service,55.82,4345,46.49,687.0,0.0359,high,production,2026-02-27T08:17:23.561661
svc_009,Search Service,Catalog Service,Search Service,195.7,6773,31.36,484.0,0.0467,medium,production,2026-02-27T08:19:23.561661
svc_016,Billing Service,Payment Service,Billing Service,339.42,3014,23.73,378.0,0.02,high,production,2026-02-27T08:25:23.561661
svc_018,Session Service,Auth Service,Session Service,246.51,3403,80.38,212.0,0.0046,high,production,2026-02-27T08:33:23.561661
svc_016,Billing Service,Payment Service,Billing Service,321.35,6025,80.01,1734.0,0.0049,high,production,2026-02-27T08:41:23.561661
svc_011,Logging Service,API Gateway,Logging Service,359.02,4243,29.06,421.0,0.0352,medium,production,2026-02-27T08:47:23.561661
svc_018,Session Service,Auth Service,Session Service,317.43,204,49.94,1772.0,0.0147,high,production,2026-02-27T08:57:23.561661
svc_010,Analytics Service,Order Service,Analytics Service,125.38,4628,28.04,1847.0,0.0267,low,production,2026-02-27T08:59:23.561661
svc_015,Report Service,Analytics Service,Report Service,60.92,675,19.58,698.0,0.026,low,production,2026-02-27T09:02:23.561661
svc_011,Logging Service,API Gateway,Logging Service,202.68,7260,17.51,250.0,0.0028,medium,production,2026-02-27T09:06:23.561661
svc_003,User Service,API Gateway,User Service,346.46,218,74.94,1498.0,0.0103,high,production,2026-02-27T09:24:23.561661
svc_005,Payment Service,Order Service,Payment Service,218.34,4152,83.57,1324.0,0.026,critical,production,2026-02-27T09:34:23.561661
svc_015,Report Service,Billing Service,Report Service,29.02,2997,17.04,1304.0,0.0221,low,production,2026-02-27T09:34:23.561661
svc_017,Recommendation Service,Search Service,Recommendation Service,363.76,947,46.48,1318.0,0.0316,medium,production,2026-02-27T09:46:23.561661
svc_012,Config Service,Order Service,Config Service,252.75,2256,74.07,1555.0,0.0154,high,production,2026-02-27T09:55:23.561661
svc_012,Config Service,Auth Service,Config Service,242.24,9931,43.2,498.0,0.0302,high,production,2026-02-27T09:58:23.561661
svc_002,Auth Service,API Gateway,Auth Service,420.14,1542,22.63,940.0,0.0367,critical,production,2026-02-27T10:29:23.561661
svc_009,Search Service,API Gateway,Search Service,391.01,6460,64.59,1515.0,0.0356,medium,production,2026-02-27T10:45:23.561661
svc_008,Catalog Service,Inventory Service,Catalog Service,151.54,4483,66.35,1043.0,0.0412,high,production,2026-02-27T10:49:23.561661
svc_005,Payment Service,Order Service,Payment Service,56.07,8526,59.04,412.0,0.0065,critical,production,2026-02-27T10:53:23.561661
svc_003,User Service,Auth Service,User Service,177.67,1305,53.87,1607.0,0.017,high,production,2026-02-27T11:05:23.561661
svc_013,Cache Service,Catalog Service,Cache Service,120.52,1449,34.23,288.0,0.0393,high,production,2026-02-27T11:22:23.561661
svc_008,Catalog Service,Inventory Service,Catalog Service,401.37,3022,61.71,1483.0,0.0413,high,production,2026-02-27T11:25:23.561661
svc_015,Report Service,Analytics Service,Report Service,435.74,3844,31.08,1430.0,0.0307,low,production,2026-02-27T11:26:23.561661
svc_006,Notification Service,Payment Service,Notification Service,279.46,6358,21.36,1931.0,0.0113,medium,production,2026-02-27T11:29:23.561661
svc_012,Config Service,Order Service,Config Service,181.28,5488,59.94,1053.0,0.031,high,production,2026-02-27T11:35:23.561661
svc_004,Order Service,API Gateway,Order Service,434.76,9098,56.45,823.0,0.0482,critical,production,2026-02-27T11:42:23.561661
svc_003,User Service,Auth Service,User Service,45.24,4646,40.14,587.0,0.0066,high,production,2026-02-27T11:46:23.561661
svc_010,Analytics Service,Order Service,Analytics Service,273.74,1752,18.03,1409.0,0.0209,low,production,2026-02-27T12:23:23.561661
svc_012,Config Service,Auth Service,Config Service,123.86,6924,83.31,1050.0,0.0447,high,production,2026-02-27T13:01:23.561661
svc_012,Config Service,User Service,Config Service,78.99,6534,52.39,813.0,0.005,high,production,2026-02-27T13:06:23.561661
svc_003,User Service,Auth Service,User Service,276.38,782,35.03,553.0,0.007,high,production,2026-02-27T13:16:23.561661
svc_003,User Service,API Gateway,User Service,183.64,3244,40.03,544.0,0.0298,high,production,2026-02-27T13:25:23.561661
svc_015,Report Service,Billing Service,Report Service,364.82,2452,26.76,1310.0,0.0356,low,production,2026-02-27T13:38:23.561661
svc_008,Catalog Service,Inventory Service,Catalog Service,281.3,5867,64.92,1978.0,0.0046,high,production,2026-02-27T14:02:23.561661
svc_003,User Service,Auth Service,User Service,89.15,2442,77.13,242.0,0.0335,high,production,2026-02-27T14:05:23.561661
svc_012,Config Service,User Service,Config Service,517.89,5016,35.37,247.0,0.0404,high,production,2026-02-27T14:07:23.561661
svc_013,Cache Service,Search Service,Cache Service,507.05,2557,20.33,358.0,0.0108,high,production,2026-02-27T14:19:23.561661
svc_003,User Service,Auth Service,User Service,119.8,10101,47.51,1486.0,0.0285,high,production,2026-02-27T14:34:23.561661
svc_010,Analytics Service,Order Service,Analytics Service,158.31,1931,22.52,367.0,0.0347,low,production,2026-02-27T15:06:23.561661
svc_017,Recommendation Service,Search Service,Recommendation Service,457.37,4850,36.04,2012.0,0.0451,medium,production,2026-02-27T15:49:23.561661
svc_003,User Service,Auth Service,User Service,434.33,5670,55.81,1275.0,0.0197,high,production,2026-02-27T15:59:23.561661
svc_006,Notification Service,Payment Service,Notification Service,242.55,6588,67.56,2001.0,0.0126,medium,production,2026-02-27T16:02:23.561661
svc_010,Analytics Service,User Service,Analytics Service,229.48,2587,54.95,1151.0,0.0055,low,production,2026-02-27T16:06:23.561661
svc_004,Order Service,API Gateway,Order Service,181.22,10,77.66,1766.0,0.0447,critical,production,2026-02-27T16:13:23.561661
svc_003,User Service,Auth Service,User Service,219.73,7014,65.54,510.0,0.015,high,production,2026-02-27T16:27:23.561661
svc_002,Auth Service,API Gateway,Auth Service,422.45,7518,83.52,221.0,0.0159,critical,production,2026-02-27T16:34:23.561661
svc_016,Billing Service,Payment Service,Billing Service,211.32,5539,15.69,893.0,0.0121,high,production,2026-02-27T16:45:23.561661
svc_006,Notification Service,Payment Service,Notification Service,237.94,5843,72.8,603.0,0.0163,medium,production,2026-02-27T16:46:23.561661
svc_012,Config Service,Order Service,Config Service,396.82,9172,23.16,1956.0,0.0276,high,production,2026-02-27T17:01:23.561661
svc_010,Analytics Service,User Service,Analytics Service,410.37,1517,61.06,1644.0,0.0158,low,production,2026-02-27T17:06:23.561661
svc_014,Email Service,Notification Service,Email Service,150.08,3817,29.13,620.0,0.0479,medium,production,2026-02-27T17:32:23.561661
svc_010,Analytics Service,Order Service,Analytics Service,129.47,2950,70.23,1260.0,0.0343,low,production,2026-02-27T17:37:23.561661
svc_012,Config Service,Order Service,Config Service,479.99,8491,11.39,1229.0,0.0486,high,production,2026-02-27T18:05:23.561661
svc_008,Catalog Service,Inventory Service,Catalog Service,47.59,7631,23.61,1805.0,0.0047,high,production,2026-02-27T18:10:23.561661
svc_007,Inventory Service,Order Service,Inventory Service,451.12,3092,23.0,1030.0,0.046,high,production,2026-02-27T18:56:23.561661
svc_002,Auth Service,API Gateway,Auth Service,235.81,2557,83.3,1154.0,0.0354,critical,production,2026-02-27T19:24:23.561661
svc_006,Notification Service,Payment Service,Notification Service,121.71,9347,64.97,765.0,0.029,medium,production,2026-02-27T19:35:23.561661
svc_016,Billing Service,Payment Service,Billing Service,473.01,8036,48.45,968.0,0.0188,high,production,2026-02-27T19:37:23.561661
svc_006,Notification Service,Payment Service,Notification Service,184.4,6585,64.18,1896.0,0.0476,medium,production,2026-02-27T19:39:23.561661
svc_015,Report Service,Analytics Service,Report Service,158.06,1368,6.34,1084.0,0.0275,low,production,2026-02-27T19:40:23.561661
svc_014,Email Service,Notification Service,Email Service,386.35,810,35.91,1612.0,0.0302,medium,production,2026-02-27T19:47:23.561661
svc_013,Cache Service,Catalog Service,Cache Service,403.06,1643,65.3,485.0,0.0485,high,production,2026-02-27T20:09:23.561661
svc_008,Catalog Service,Inventory Service,Catalog Service,222.97,5298,25.6,1360.0,0.0373,high,production,2026-02-27T20:23:23.561661
svc_003,User Service,Auth Service,User Service,45.08,3073,74.77,1234.0,0.0493,high,production,2026-02-27T20:30:23.561661
svc_003,User Service,Auth Service,User Service,173.34,7701,24.51,1668.0,0.0233,high,production,2026-02-27T20:30:23.561661
svc_013,Cache Service,Catalog Service,Cache Service,226.88,550,40.01,1424.0,0.0247,high,production,2026-02-27T20:30:23.561661
svc_014,Email Service,Notification Service,Email Service,325.15,10,13.63,781.0,0.0272,medium,production,2026-02-27T21:22:23.561661
svc_006,Notification Service,Order Service,Notification Service,376.66,9200,66.56,1084.0,0.0218,medium,production,2026-02-27T21:24:23.561661
svc_016,Billing Service,Payment Service,Billing Service,205.07,4316,27.89,326.0,0.0398,high,production,2026-02-27T21:35:23.561661
svc_012,Config Service,Order Service,Config Service,274.49,4504,80.92,1278.0,0.0235,high,production,2026-02-27T21:37:23.561661
svc_014,Email Service,Notification Service,Email Service,458.65,1788,29.57,249.0,0.0111,medium,production,2026-02-27T21:42:23.561661
svc_007,Inventory Service,Order Service,Inventory Service,336.57,7096,10.96,774.0,0.0217,high,production,2026-02-27T21:50:23.561661
svc_014,Email Service,Notification Service,Email Service,174.44,3551,27.85,1645.0,0.018,medium,production,2026-02-27T22:03:23.561661
svc_012,Config Service,User Service,Config Service,362.51,5216,28.32,701.0,0.0065,high,production,2026-02-27T22:15:23.561661
svc_004,Order Service,API Gateway,Order Service,313.9,8267,46.82,1106.0,0.0084,critical,production,2026-02-27T22:38:23.561661
svc_004,Order Service,API Gateway,Order Service,184.93,5947,10.19,1608.0,0.0387,critical,production,2026-02-27T22:44:23.561661
svc_011,Logging Service,API Gateway,Logging Service,283.74,5116,30.83,834.0,0.0245,medium,production,2026-02-27T22:59:23.561661
svc_003,User Service,Auth Service,User Service,435.64,10,53.53,1454.0,0.0222,high,production,2026-02-27T23:12:23.561661
svc_006,Notification Service,Order Service,Notification Service,98.48,6678,26.31,1648.0,0.0154,medium,production,2026-02-27T23:18:23.561661
svc_005,Payment Service,Order Service,Payment Service,162.52,1234,33.48,1617.0,0.0465,critical,production,2026-02-27T23:30:23.561661
svc_009,Search Service,Catalog Service,Search Service,260.12,1146,58.8,1753.0,0.0187,medium,production,2026-02-27T23:31:23.561661
svc_018,Session Service,Auth Service,Session Service,488.69,946,16.66,1452.0,0.0027,high,production,2026-02-27T23:45:23.561661
svc_015,Report Service,Analytics Service,Report Service,420.53,2744,15.31,979.0,0.0398,low,production,2026-02-27T23:59:23.561661
svc_003,User Service,API Gateway,User Service,494.94,1866,34.13,437.0,0.0222,high,production,2026-02-28T00:04:23.561661
svc_013,Cache Service,Catalog Service,Cache Service,243.97,6669,62.52,1885.0,0.037,high,production,2026-02-28T00:18:23.561661
svc_009,Search Service,API Gateway,Search Service,69.79,8230,63.66,615.0,0.029,medium,production,2026-02-28T00:29:23.561661
svc_002,Auth Service,API Gateway,Auth Service,280.82,939,69.69,234.0,0.0263,critical,production,2026-02-28T00:47:23.561661
svc_002,Auth Service,API Gateway,Auth Service,189.0,2352,27.11,1089.0,0.0242,critical,production,2026-02-28T00:53:23.561661
svc_015,Report Service,Billing Service,Report Service,187.31,7235,42.3,2048.0,0.0139,low,production,2026-02-28T01:03:23.561661
svc_013,Cache Service,Search Service,Cache Service,243.44,6326,20.18,948.0,0.0096,high,production,2026-02-28T01:23:23.561661
svc_012,Config Service,Auth Service,Config Service,345.51,2722,76.37,445.0,0.0365,high,production,2026-02-28T01:34:23.561661
svc_012,Config Service,Auth Service,Config Service,20.26,1862,49.47,1541.0,0.0276,high,production,2026-02-28T01:34:23.561661
svc_003,User Service,Auth Service,User Service,55.16,8016,26.63,282.0,0.028,high,production,2026-02-28T01:39:23.561661
svc_016,Billing Service,Payment Service,Billing Service,310.42,5288,35.55,910.0,0.0193,high,production,2026-02-28T01:43:23.561661
svc_014,Email Service,Notification Service,Email Service,150.22,5676,42.58,293.0,0.0241,medium,production,2026-02-28T01:53:23.561661
svc_009,Search Service,Catalog Service,Search Service,444.52,1306,59.77,1025.0,0.0014,medium,production,2026-02-28T01:56:23.561661
svc_016,Billing Service,Payment Service,Billing Service,286.18,3403,26.82,910.0,0.0068,high,production,2026-02-28T02:02:23.561661
svc_010,Analytics Service,User Service,Analytics Service,111.88,2312,47.22,1924.0,0.0097,low,production,2026-02-28T02:24:23.561661
svc_015,Report Service,Analytics Service,Report Service,316.44,2801,6.02,173.0,0.0375,low,production,2026-02-28T02:31:23.561661
svc_010,Analytics Service,Order Service,Analytics Service,490.22,8952,16.79,655.0,0.0102,low,production,2026-02-28T02:50:23.561661
svc_014,Email Service,Notification Service,Email Service,63.25,5853,20.17,1475.0,0.0042,medium,production,2026-02-28T02:54:23.561661
svc_018,Session Service,Auth Service,Session Service,288.05,1785,21.73,1937.0,0.03,high,production,2026-02-28T03:03:23.561661
svc_013,Cache Service,Catalog Service,Cache Service,183.21,903,33.09,2027.0,0.0047,high,production,2026-02-28T03:04:23.561661
svc_015,Report Service,Analytics Service,Report Service,406.82,3086,31.8,1669.0,0.0433,low,production,2026-02-28T03:06:23.561661
svc_011,Logging Service,API Gateway,Logging Service,426.17,834,60.81,958.0,0.0204,medium,production,2026-02-28T03:08:23.561661
svc_006,Notification Service,Payment Service,Notification Service,100.34,9711,25.63,1186.0,0.0054,medium,production,2026-02-28T03:15:23.561661
svc_009,Search Service,API Gateway,Search Service,323.97,7682,67.55,1725.0,0.0269,medium,production,2026-02-28T03:37:23.561661
svc_012,Config Service,Auth Service,Config Service,394.27,5574,62.8,1759.0,0.0396,high,production,2026-02-28T04:04:23.561661
svc_006,Notification Service,Order Service,Notification Service,379.29,5609,18.91,845.0,0.0303,medium,production,2026-02-28T04:07:23.561661
svc_011,Logging Service,API Gateway,Logging Service,241.64,1238,55.49,1132.0,0.0361,medium,production,2026-02-28T04:30:23.561661
svc_012,Config Service,Order Service,Config Service,67.15,6796,68.36,1350.0,0.0428,high,production,2026-02-28T04:36:23.561661
svc_015,Report Service,Billing Service,Report Service,125.14,3675,18.53,645.0,0.0103,low,production,2026-02-28T04:43:23.561661
svc_018,Session Service,Auth Service,Session Service,31.03,2879,35.83,1571.0,0.0125,high,production,2026-02-28T04:48:23.561661
svc_005,Payment Service,Order Service,Payment Service,206.55,4995,10.87,494.0,0.046,critical,production,2026-02-28T04:57:23.561661
svc_018,Session Service,Auth Service,Session Service,188.05,8179,76.1,1987.0,0.0274,high,production,2026-02-28T05:37:23.561661
svc_010,Analytics Service,Order Service,Analytics Service,302.1,8572,34.65,992.0,0.0337,low,production,2026-02-28T05:40:23.561661
svc_006,Notification Service,Payment Service,Notification Service,237.32,268,17.56,875.0,0.0176,medium,production,2026-02-28T05:44:23.561661
svc_014,Email Service,Notification Service,Email Service,288.47,1360,44.07,1924.0,0.0128,medium,production,2026-02-28T05:44:23.561661
svc_012,Config Service,User Service,Config Service,417.19,2588,9.22,1239.0,0.0366,high,production,2026-02-28T05:57:23.561661
svc_013,Cache Service,Search Service,Cache Service,61.37,4517,33.74,1857.0,0.0454,high,production,2026-02-28T06:02:23.561661
svc_003,User Service,Auth Service,User Service,369.94,914,66.71,220.0,0.0287,high,production,2026-02-28T06:06:23.561661
svc_009,Search Service,API Gateway,Search Service,118.25,2885,60.66,1914.0,0.0212,medium,production,2026-02-28T06:24:23.561661
svc_003,User Service,Auth Service,User Service,261.08,8356,46.27,1528.0,0.039,high,production,2026-02-28T06:33:23.561661
svc_013,Cache Service,Catalog Service,Cache Service,322.25,663,32.14,561.0,0.0182,high,production,2026-02-28T06:45:23.561661
svc_010,Analytics Service,User Service,Analytics Service,416.89,7443,46.13,895.0,0.034,low,production,2026-02-28T07:23:23.561661
svc_013,Cache Service,Catalog Service,Cache Service,235.55,2561,48.82,1265.0,0.0344,high,production,2026-02-28T07:29:23.561661
svc_003,User Service,API Gateway,User Service,379.47,630,63.28,878.0,0.0034,high,production,2026-02-28T07:47:23.561661
svc_015,Report Service,Analytics Service,Report Service,62.24,3398,7.78,1721.0,0.0374,low,production,2026-02-28T08:09:23.561661
svc_015,Report Service,Analytics Service,Report Service,483.72,1312,29.85,1549.0,0.0189,low,production,2026-02-28T08:12:23.561661
svc_006,Notification Service,Order Service,Notification Service,157.4,4669,59.61,664.0,0.0364,medium,production,2026-02-28T08:24:23.561661
svc_013,Cache Service,Catalog Service,Cache Service,416.45,2667,55.0,1808.0,0.0432,high,production,2026-02-28T08:26:23.561661
svc_005,Payment Service,Order Service,Payment Service,65.92,3160,62.97,1718.0,0.0298,critical,production,2026-02-28T08:32:23.561661
svc_015,Report Service,Billing Service,Report Service,488.95,7435,59.77,399.0,0.0202,low,production,2026-02-28T08:38:23.561661
svc_013,Cache Service,Search Service,Cache Service,51.33,1594,40.19,179.0,0.0159,high,production,2026-02-28T08:51:23.561661
svc_015,Report Service,Billing Service,Report Service,180.81,2722,36.02,1900.0,0.0368,low,production,2026-02-28T08:58:23.561661
svc_007,Inventory Service,Order Service,Inventory Service,95.03,131,71.63,462.0,0.0274,high,production,2026-02-28T09:06:23.561661
svc_018,Session Service,Auth Service,Session Service,142.32,7433,77.19,413.0,0.0267,high,production,2026-02-28T09:06:23.561661
svc_017,Recommendation Service,Search Service,Recommendation Service,253.54,1279,48.62,1843.0,0.0473,medium,production,2026-02-28T09:21:23.561661
svc_007,Inventory Service,Order Service,Inventory Service,403.14,2882,41.47,813.0,0.0017,high,production,2026-02-28T09:50:23.561661
svc_006,Notification Service,Payment Service,Notification Service,253.11,836,17.65,1305.0,0.0357,medium,production,2026-02-28T09:54:23.561661
svc_010,Analytics Service,Order Service,Analytics Service,406.05,2794,48.95,1341.0,0.0056,low,production,2026-02-28T10:25:23.561661
svc_017,Recommendation Service,Search Service,Recommendation Service,175.89,1029,41.43,2003.0,0.0025,medium,production,2026-02-28T10:37:23.561661
svc_002,Auth Service,API Gateway,Auth Service,41.35,5566,39.63,587.0,0.0252,critical,production,2026-02-28T10:45:23.561661
svc_002,Auth Service,API Gateway,Auth Service,301.33,9836,43.1,1465.0,0.0317,critical,production,2026-02-28T10:52:23.561661
svc_007,Inventory Service,Order Service,Inventory Service,230.65,5499,75.88,949.0,0.0116,high,production,2026-02-28T11:14:23.561661
svc_010,Analytics Service,Order Service,Analytics Service,74.05,6787,64.42,2040.0,0.0167,low,production,2026-02-28T11:24:23.561661
svc_010,Analytics Service,User Service,Analytics Service,148.6,7661,15.2,1869.0,0.0233,low,production,2026-02-28T11:41:23.561661
svc_007,Inventory Service,Order Service,Inventory Service,189.87,2460,15.08,1190.0,0.0356,high,production,2026-02-28T11:52:23.561661
svc_013,Cache Service,Search Service,Cache Service,30.77,3211,50.24,301.0,0.0279,high,production,2026-02-28T11:52:23.561661
svc_014,Email Service,Notification Service,Email Service,420.38,2249,50.34,1365.0,0.0457,medium,production,2026-02-28T11:56:23.561661
svc_012,Config Service,Auth Service,Config Service,269.93,2581,34.37,1454.0,0.0184,high,production,2026-02-28T12:12:23.561661
svc_010,Analytics Service,Order Service,Analytics Service,247.95,1141,60.66,1012.0,0.0307,low,production,2026-02-28T12:25:23.561661
svc_009,Search Service,Catalog Service,Search Service,54.47,488,55.57,1405.0,0.029,medium,production,2026-02-28T12:42:23.561661
svc_002,Auth Service,API Gateway,Auth Service,486.92,5967,76.02,1411.0,0.0086,critical,production,2026-02-28T12:53:23.561661
svc_005,Payment Service,Order Service,Payment Service,341.75,5174,67.9,283.0,0.042,critical,production,2026-02-28T12:55:23.561661
svc_006,Notification Service,Payment Service,Notification Service,420.59,9581,22.24,609.0,0.0099,medium,production,2026-02-28T13:25:23.561661
svc_012,Config Service,Order Service,Config Service,231.56,1676,83.25,529.0,0.0342,high,production,2026-02-28T13:31:23.561661
svc_012,Config Service,Order Service,Config Service,379.36,2761,32.51,1967.0,0.0469,high,production,2026-02-28T13:40:23.561661
svc_010,Analytics Service,User Service,Analytics Service,136.99,1693,54.83,1240.0,0.0364,low,production,2026-02-28T13:50:23.561661
svc_012,Config Service,User Service,Config Service,284.51,6540,39.61,859.0,0.0055,high,production,2026-02-28T13:56:23.561661
svc_013,Cache Service,Catalog Service,Cache Service,348.78,4068,55.22,1497.0,0.0384,high,production,2026-02-28T14:12:23.561661
svc_013,Cache Service,Search Service,Cache Service,72.04,3713,14.53,737.0,0.0138,high,production,2026-02-28T14:36:23.561661
svc_015,Report Service,Billing Service,Report Service,436.82,441,12.39,597.0,0.0348,low,production,2026-02-28T14:40:23.561661
svc_015,Report Service,Billing Service,Report Service,191.05,715,36.57,1054.0,0.0061,low,production,2026-02-28T14:51:23.561661
svc_012,Config Service,User Service,Config Service,379.81,4827,42.5,1756.0,0.0159,high,production,2026-02-28T14:58:23.561661
svc_012,Config Service,Order Service,Config Service,466.38,4879,15.66,1930.0,0.0351,high,production,2026-02-28T15:07:23.561661
svc_015,Report Service,Analytics Service,Report Service,60.75,578,19.0,767.0,0.0154,low,production,2026-02-28T15:15:23.561661
svc_012,Config Service,User Service,Config Service,327.55,1521,50.99,369.0,0.0346,high,production,2026-02-28T15:17:23.561661
svc_006,Notification Service,Order Service,Notification Service,384.53,1047,74.66,962.0,0.0211,medium,production,2026-02-28T16:11:23.561661
svc_013,Cache Service,Catalog Service,Cache Service,80.03,4047,46.58,1613.0,0.0436,high,production,2026-02-28T16:12:23.561661
svc_009,Search Service,API Gateway,Search Service,435.21,6224,67.17,1536.0,0.0078,medium,production,2026-02-28T16:18:23.561661
svc_006,Notification Service,Payment Service,Notification Service,330.85,957,68.99,1466.0,0.0104,medium,production,2026-02-28T17:20:23.561661
svc_013,Cache Service,Catalog Service,Cache Service,143.53,1479,40.27,984.0,0.031,high,production,2026-02-28T17:21:23.561661
svc_010,Analytics Service,User Service,Analytics Service,513.29,2113,49.78,1237.0,0.004,low,production,2026-02-28T17:23:23.561661
svc_004,Order Service,API Gateway,Order Service,271.22,6403,48.33,1665.0,0.0175,critical,production,2026-02-28T17:36:23.561661
svc_014,Email Service,Notification Service,Email Service,456.63,5342,30.89,1489.0,0.0219,medium,production,2026-02-28T17:44:23.561661
svc_017,Recommendation Service,Search Service,Recommendation Service,258.13,3093,41.71,798.0,0.0015,medium,production,2026-02-28T17:51:23.561661
svc_011,Logging Service,API Gateway,Logging Service,488.03,9531,59.93,959.0,0.0313,medium,production,2026-02-28T18:09:23.561661
svc_017,Recommendation Service,Search Service,Recommendation Service,348.59,6043,16.56,1140.0,0.0469,medium,production,2026-02-28T18:19:23.561661
svc_010,Analytics Service,User Service,Analytics Service,329.64,4218,42.19,1360.0,0.0092,low,production,2026-02-28T18:22:23.561661
svc_015,Report Service,Billing Service,Report Service,353.5,2792,67.68,1493.0,0.0472,low,production,2026-02-28T19:00:23.561661
svc_007,Inventory Service,Order Service,Inventory Service,399.17,9392,39.46,166.0,0.0475,high,production,2026-02-28T19:00:23.561661
svc_009,Search Service,Catalog Service,Search Service,269.49,5794,32.67,1694.0,0.002,medium,production,2026-02-28T19:00:23.561661
svc_018,Session Service,Auth Service,Session Service,85.54,1010,22.49,399.0,0.0418,high,production,2026-02-28T19:04:23.561661
svc_004,Order Service,API Gateway,Order Service,275.35,119,22.18,839.0,0.0354,critical,production,2026-02-28T19:17:23.561661
svc_008,Catalog Service,Inventory Service,Catalog Service,415.33,2283,30.18,248.0,0.0064,high,production,2026-02-28T19:22:23.561661
svc_017,Recommendation Service,Search Service,Recommendation Service,320.2,4344,13.33,1986.0,0.0438,medium,production,2026-02-28T19:41:23.561661
svc_003,User Service,Auth Service,User Service,231.06,9412,24.86,302.0,0.0053,high,production,2026-02-28T19:59:23.561661
svc_012,Config Service,Order Service,Config Service,217.12,8277,37.54,1283.0,0.046,high,production,2026-02-28T20:00:23.561661
svc_003,User Service,API Gateway,User Service,65.48,9323,19.6,1648.0,0.0279,high,production,2026-02-28T20:02:23.561661
svc_010,Analytics Service,Order Service,Analytics Service,132.7,6100,41.91,1410.0,0.0452,low,production,2026-02-28T20:35:23.561661
svc_006,Notification Service,Payment Service,Notification Service,388.47,6608,52.67,1993.0,0.043,medium,production,2026-02-28T20:48:23.561661
svc_005,Payment Service,Order Service,Payment Service,74.42,7812,37.59,1865.0,0.0259,critical,production,2026-02-28T20:54:23.561661
svc_014,Email Service,Notification Service,Email Service,326.86,957,7.5,1121.0,0.028,medium,production,2026-02-28T21:06:23.561661
svc_012,Config Service,Order Service,Config Service,184.35,108,62.61,1439.0,0.0395,high,production,2026-02-28T21:19:23.561661
svc_017,Recommendation Service,Search Service,Recommendation Service,345.88,2354,32.98,675.0,0.0309,medium,production,2026-02-28T22:03:23.561661
svc_003,User Service,API Gateway,User Service,270.42,6813,16.5,948.0,0.0367,high,production,2026-02-28T22:04:23.561661
svc_007,Inventory Service,Order Service,Inventory Service,449.05,1411,63.61,1424.0,0.0067,high,production,2026-02-28T22:19:23.561661
svc_014,Email Service,Notification Service,Email Service,531.41,5652,8.58,462.0,0.0075,medium,production,2026-02-28T22:20:23.561661
svc_007,Inventory Service,Order Service,Inventory Service,348.71,2497,63.22,1754.0,0.0298,high,production,2026-02-28T22:21:23.561661
svc_008,Catalog Service,Inventory Service,Catalog Service,384.28,1986,46.24,1003.0,0.0218,high,production,2026-02-28T22:21:23.561661
svc_009,Search Service,API Gateway,Search Service,449.57,10524,31.74,150.0,0.0231,medium,production,2026-02-28T22:26:23.561661
svc_013,Cache Service,Catalog Service,Cache Service,62.97,2183,31.17,302.0,0.0246,high,production,2026-02-28T23:11:23.561661
svc_010,Analytics Service,User Service,Analytics Service,423.02,3945,37.64,256.0,0.0405,low,production,2026-02-28T23:27:23.561661
svc_003,User Service,API Gateway,User Service,260.08,4296,16.92,1634.0,0.0171,high,production,2026-02-28T23:35:23.561661
svc_018,Session Service,Auth Service,Session Service,136.51,6364,72.31,154.0,0.0411,high,production,2026-02-28T23:36:23.561661
svc_012,Config Service,Auth Service,Config Service,499.48,7947,60.55,1858.0,0.0048,high,production,2026-03-01T00:22:23.561661
svc_009,Search Service,API Gateway,Search Service,302.97,3031,69.24,1285.0,0.0375,medium,production,2026-03-01T00:25:23.561661
svc_003,User Service,API Gateway,User Service,54.36,8813,49.58,166.0,0.0238,high,production,2026-03-01T00:32:23.561661
svc_005,Payment Service,Order Service,Payment Service,152.67,2644,12.4,280.0,0.0427,critical,production,2026-03-01T00:39:23.561661
svc_012,Config Service,User Service,Config Service,116.81,4459,46.68,1855.0,0.0199,high,production,2026-03-01T00:44:23.561661
svc_016,Billing Service,Payment Service,Billing Service,393.07,4749,41.59,902.0,0.0486,high,production,2026-03-01T01:03:23.561661
svc_005,Payment Service,Order Service,Payment Service,293.57,9658,56.76,984.0,0.0022,critical,production,2026-03-01T01:05:23.561661
svc_016,Billing Service,Payment Service,Billing Service,472.15,7444,69.88,264.0,0.0244,high,production,2026-03-01T01:20:23.561661
svc_015,Report Service,Billing Service,Report Service,470.06,5542,49.03,1348.0,0.0374,low,production,2026-03-01T01:26:23.561661
svc_018,Session Service,Auth Service,Session Service,482.22,10836,62.83,583.0,0.0295,high,production,2026-03-01T01:27:23.561661
svc_006,Notification Service,Order Service,Notification Service,182.06,4851,17.36,660.0,0.0133,medium,production,2026-03-01T01:49:23.561661
svc_005,Payment Service,Order Service,Payment Service,65.09,7374,59.36,250.0,0.0219,critical,production,2026-03-01T01:53:23.561661
svc_011,Logging Service,API Gateway,Logging Service,84.03,8330,51.02,1931.0,0.0435,medium,production,2026-03-01T02:10:23.561661
svc_012,Config Service,Order Service,Config Service,448.25,619,59.73,1737.0,0.0165,high,production,2026-03-01T02:16:23.561661
svc_011,Logging Service,API Gateway,Logging Service,384.02,4705,73.14,1730.0,0.0156,medium,production,2026-03-01T02:19:23.561661
svc_014,Email Service,Notification Service,Email Service,283.62,2042,46.13,1675.0,0.0038,medium,production,2026-03-01T02:19:23.561661
svc_006,Notification Service,Order Service,Notification Service,209.25,9056,66.26,628.0,0.0048,medium,production,2026-03-01T02:40:23.561661
svc_013,Cache Service,Search Service,Cache Service,505.04,3386,36.06,946.0,0.0211,high,production,2026-03-01T02:40:23.561661
svc_011,Logging Service,API Gateway,Logging Service,62.57,8613,46.44,945.0,0.0478,medium,production,2026-03-01T02:42:23.561661
svc_015,Report Service,Analytics Service,Report Service,204.11,1681,7.45,613.0,0.0313,low,production,2026-03-01T03:03:23.561661
svc_007,Inventory Service,Order Service,Inventory Service,272.04,8020,64.02,681.0,0.0414,high,production,2026-03-01T03:05:23.561661
svc_012,Config Service,User Service,Config Service,339.28,5275,62.55,1334.0,0.0191,high,production,2026-03-01T03:14:23.561661
svc_014,Email Service,Notification Service,Email Service,199.81,4332,37.24,1631.0,0.0259,medium,production,2026-03-01T03:27:23.561661
svc_010,Analytics Service,Order Service,Analytics Service,225.62,3704,60.94,390.0,0.0477,low,production,2026-03-01T03:30:23.561661
svc_002,Auth Service,API Gateway,Auth Service,328.43,10023,19.42,1230.0,0.0372,critical,production,2026-03-01T03:47:23.561661
svc_002,Auth Service,API Gateway,Auth Service,76.01,6477,27.38,1609.0,0.0259,critical,production,2026-03-01T04:05:23.561661
svc_016,Billing Service,Payment Service,Billing Service,286.14,9241,73.54,2005.0,0.0416,high,production,2026-03-01T04:14:23.561661
svc_017,Recommendation Service,Search Service,Recommendation Service,66.82,1243,14.04,1336.0,0.0273,medium,production,2026-03-01T04:17:23.561661
svc_015,Report Service,Analytics Service,Report Service,79.19,3248,7.39,365.0,0.0096,low,production,2026-03-01T04:19:23.561661
svc_010,Analytics Service,Order Service,Analytics Service,134.03,1703,75.55,1896.0,0.0433,low,production,2026-03-01T04:29:23.561661
svc_008,Catalog Service,Inventory Service,Catalog Service,98.13,3628,18.23,520.0,0.0098,high,production,2026-03-01T04:41:23.561661
svc_010,Analytics Service,Order Service,Analytics Service,433.27,7387,18.95,829.0,0.0395,low,production,2026-03-01T04:45:23.561661
svc_014,Email Service,Notification Service,Email Service,116.44,3371,7.23,771.0,0.0213,medium,production,2026-03-01T04:56:23.561661
svc_010,Analytics Service,Order Service,Analytics Service,286.4,5840,57.62,1498.0,0.0244,low,production,2026-03-01T05:05:23.561661
svc_002,Auth Service,API Gateway,Auth Service,436.27,10,62.41,1792.0,0.0103,critical,production,2026-03-01T05:08:23.561661
svc_005,Payment Service,Order Service,Payment Service,90.84,1855,31.86,256.0,0.0077,critical,production,2026-03-01T05:12:23.561661
svc_006,Notification Service,Payment Service,Notification Service,306.01,1495,60.03,490.0,0.0356,medium,production,2026-03-01T05:35:23.561661
svc_006,Notification Service,Order Service,Notification Service,268.68,5870,18.48,1071.0,0.0121,medium,production,2026-03-01T05:38:23.561661
svc_013,Cache Service,Search Service,Cache Service,89.22,3618,48.8,1939.0,0.0298,high,production,2026-03-01T06:11:23.561661
svc_005,Payment Service,Order Service,Payment Service,390.84,38,28.64,1983.0,0.0489,critical,production,2026-03-01T06:20:23.561661
svc_018,Session Service,Auth Service,Session Service,137.87,559,25.17,865.0,0.0435,high,production,2026-03-01T06:28:23.561661
svc_009,Search Service,API Gateway,Search Service,401.56,817,75.61,440.0,0.0068,medium,production,2026-03-01T06:36:23.561661
svc_006,Notification Service,Order Service,Notification Service,367.26,7545,36.6,2031.0,0.0286,medium,production,2026-03-01T06:37:23.561661
svc_012,Config Service,User Service,Config Service,434.59,10,44.23,1894.0,0.0393,high,production,2026-03-01T06:38:23.561661
svc_015,Report Service,Billing Service,Report Service,164.49,5241,59.49,1365.0,0.036,low,production,2026-03-01T06:50:23.561661
svc_015,Report Service,Billing Service,Report Service,106.41,3815,50.39,1654.0,0.0319,low,production,2026-03-01T07:12:23.561661
svc_009,Search Service,API Gateway,Search Service,340.04,9183,81.28,1084.0,0.0333,medium,production,2026-03-01T07:29:23.561661
svc_012,Config Service,Order Service,Config Service,404.03,5061,76.68,1492.0,0.0026,high,production,2026-03-01T07:30:23.561661
svc_003,User Service,API Gateway,User Service,341.88,2281,25.59,873.0,0.0429,high,production,2026-03-01T07:52:23.561661
svc_012,Config Service,Auth Service,Config Service,446.89,4809,78.82,928.0,0.0136,high,production,2026-03-01T07:59:23.561661
svc_016,Billing Service,Payment Service,Billing Service,250.17,7893,40.61,1375.0,0.0104,high,production,2026-03-01T08:05:23.561661
svc_004,Order Service,API Gateway,Order Service,288.51,1129,34.38,1983.0,0.0135,critical,production,2026-03-01T08:09:23.561661
svc_016,Billing Service,Payment Service,Billing Service,204.68,2517,83.91,1844.0,0.0192,high,production,2026-03-01T08:11:23.561661
svc_005,Payment Service,Order Service,Payment Service,343.74,7552,48.05,1324.0,0.0353,critical,production,2026-03-01T09:03:23.561661
svc_006,Notification Service,Order Service,Notification Service,130.77,9038,76.87,1856.0,0.0339,medium,production,2026-03-01T09:28:23.561661
svc_011,Logging Service,API Gateway,Logging Service,51.29,10,77.17,379.0,0.0436,medium,production,2026-03-01T09:39:23.561661
svc_008,Catalog Service,Inventory Service,Catalog Service,104.93,356,53.36,221.0,0.02,high,production,2026-03-01T09:57:23.561661
svc_012,Config Service,Auth Service,Config Service,49.96,1174,61.51,1045.0,0.0185,high,production,2026-03-01T10:15:23.561661
svc_003,User Service,API Gateway,User Service,393.62,1388,29.6,829.0,0.0014,high,production,2026-03-01T11:00:23.561661
svc_012,Config Service,Auth Service,Config Service,344.78,6710,51.67,353.0,0.0467,high,production,2026-03-01T11:03:23.561661
svc_009,Search Service,API Gateway,Search Service,157.71,149,31.87,1500.0,0.0036,medium,production,2026-03-01T11:08:23.561661
svc_010,Analytics Service,Order Service,Analytics Service,54.6,661,65.24,1841.0,0.0248,low,production,2026-03-01T11:23:23.561661
svc_010,Analytics Service,Order Service,Analytics Service,331.06,5310,23.61,1631.0,0.0259,low,production,2026-03-01T11:30:23.561661
svc_009,Search Service,API Gateway,Search Service,312.74,10,76.37,1611.0,0.018,medium,production,2026-03-01T12:03:23.561661
svc_010,Analytics Service,User Service,Analytics Service,450.6,2852,37.34,1762.0,0.0337,low,production,2026-03-01T12:09:23.561661
svc_010,Analytics Service,Order Service,Analytics Service,167.77,10139,36.14,1433.0,0.034,low,production,2026-03-01T12:15:23.561661
svc_006,Notification Service,Order Service,Notification Service,476.73,4659,39.91,401.0,0.0192,medium,production,2026-03-01T12:27:23.561661
svc_012,Config Service,Order Service,Config Service,23.68,8166,59.26,1415.0,0.014,high,production,2026-03-01T12:28:23.561661
svc_003,User Service,Auth Service,User Service,164.91,1710,71.66,474.0,0.0141,high,production,2026-03-01T12:31:23.561661
svc_011,Logging Service,API Gateway,Logging Service,252.84,5932,52.3,1646.0,0.0293,medium,production,2026-03-01T12:32:23.561661
svc_014,Email Service,Notification Service,Email Service,109.2,1476,44.89,1377.0,0.0307,medium,production,2026-03-01T12:35:23.561661
svc_006,Notification Service,Payment Service,Notification Service,190.94,1347,36.23,1314.0,0.0012,medium,production,2026-03-01T12:46:23.561661
svc_003,User Service,Auth Service,User Service,71.01,9930,28.78,1549.0,0.0476,high,production,2026-03-01T13:11:23.561661
svc_010,Analytics Service,User Service,Analytics Service,28.3,5858,59.84,259.0,0.0217,low,production,2026-03-01T13:25:23.561661
svc_018,Session Service,Auth Service,Session Service,294.19,8932,74.79,898.0,0.0207,high,production,2026-03-01T13:29:23.561661
svc_002,Auth Service,API Gateway,Auth Service,20.81,841,37.01,1076.0,0.012,critical,production,2026-03-01T13:43:23.561661
svc_017,Recommendation Service,Search Service,Recommendation Service,472.58,3198,15.11,1047.0,0.0056,medium,production,2026-03-01T13:49:23.561661
svc_010,Analytics Service,Order Service,Analytics Service,431.65,2801,82.36,1994.0,0.032,low,production,2026-03-01T13:49:23.561661
svc_012,Config Service,User Service,Config Service,314.46,6094,23.56,1624.0,0.0117,high,production,2026-03-01T13:55:23.561661
svc_004,Order Service,API Gateway,Order Service,323.98,9473,72.14,1511.0,0.0011,critical,production,2026-03-01T14:08:23.561661
svc_017,Recommendation Service,Search Service,Recommendation Service,140.42,2097,11.71,1853.0,0.0074,medium,production,2026-03-01T14:11:23.561661
svc_002,Auth Service,API Gateway,Auth Service,31.87,5605,42.43,215.0,0.044,critical,production,2026-03-01T14:17:23.561661
svc_002,Auth Service,API Gateway,Auth Service,446.18,1222,56.47,519.0,0.0131,critical,production,2026-03-01T14:20:23.561661
svc_003,User Service,Auth Service,User Service,116.92,4361,41.15,882.0,0.0378,high,production,2026-03-01T14:27:23.561661
svc_003,User Service,Auth Service,User Service,482.7,3299,10.79,626.0,0.041,high,production,2026-03-01T14:43:23.561661
svc_011,Logging Service,API Gateway,Logging Service,363.43,2675,68.77,435.0,0.0116,medium,production,2026-03-01T14:56:23.561661
svc_016,Billing Service,Payment Service,Billing Service,464.94,8695,74.24,1378.0,0.0024,high,production,2026-03-01T15:12:23.561661
svc_004,Order Service,API Gateway,Order Service,460.17,9407,41.96,1042.0,0.0015,critical,production,2026-03-01T15:14:23.561661
svc_012,Config Service,User Service,Config Service,183.14,5399,64.93,379.0,0.0101,high,production,2026-03-01T15:17:23.561661
svc_009,Search Service,Catalog Service,Search Service,333.56,6668,34.14,1568.0,0.0241,medium,production,2026-03-01T15:27:23.561661
svc_012,Config Service,Order Service,Config Service,445.63,8532,39.06,1678.0,0.0288,high,production,2026-03-01T15:54:23.561661
svc_013,Cache Service,Catalog Service,Cache Service,435.66,1961,60.32,1979.0,0.0368,high,production,2026-03-01T16:09:23.561661
svc_015,Report Service,Billing Service,Report Service,117.31,4729,40.42,1879.0,0.0406,low,production,2026-03-01T16:10:23.561661
svc_002,Auth Service,API Gateway,Auth Service,376.64,4844,72.83,720.0,0.0488,critical,production,2026-03-01T16:20:23.561661
svc_002,Auth Service,API Gateway,Auth Service,247.56,8803,60.74,1322.0,0.0368,critical,production,2026-03-01T16:22:23.561661
svc_007,Inventory Service,Order Service,Inventory Service,185.24,1483,23.24,915.0,0.0228,high,production,2026-03-01T16:22:23.561661
svc_006,Notification Service,Order Service,Notification Service,168.01,4308,56.22,705.0,0.0348,medium,production,2026-03-01T16:56:23.561661
svc_013,Cache Service,Catalog Service,Cache Service,25.56,4369,59.45,1174.0,0.0461,high,production,2026-03-01T17:18:23.561661
svc_009,Search Service,API Gateway,Search Service,405.18,10291,19.81,1164.0,0.0408,medium,production,2026-03-01T17:20:23.561661
svc_007,Inventory Service,Order Service,Inventory Service,250.24,3479,34.92,2013.0,0.0194,high,production,2026-03-01T17:37:23.561661
svc_002,Auth Service,API Gateway,Auth Service,253.83,9885,21.93,1489.0,0.0377,critical,production,2026-03-01T17:42:23.561661
svc_002,Auth Service,API Gateway,Auth Service,486.39,11142,22.93,724.0,0.0188,critical,production,2026-03-01T17:44:23.561661
svc_015,Report Service,Billing Service,Report Service,309.77,7851,39.01,208.0,0.0149,low,production,2026-03-01T17:51:23.561661
svc_012,Config Service,User Service,Config Service,282.98,4979,12.52,460.0,0.0495,high,production,2026-03-01T18:08:23.561661
svc_010,Analytics Service,User Service,Analytics Service,443.97,8401,50.47,1849.0,0.045,low,production,2026-03-01T18:18:23.561661
svc_004,Order Service,API Gateway,Order Service,444.74,4737,23.93,707.0,0.0492,critical,production,2026-03-01T18:32:23.561661
svc_018,Session Service,Auth Service,Session Service,184.67,6924,56.73,331.0,0.0463,high,production,2026-03-01T18:41:23.561661
svc_003,User Service,Auth Service,User Service,284.57,7053,35.53,512.0,0.0426,high,production,2026-03-01T18:42:23.561661
svc_008,Catalog Service,Inventory Service,Catalog Service,149.14,1277,16.41,1916.0,0.0205,high,production,2026-03-01T18:49:23.561661
svc_015,Report Service,Billing Service,Report Service,477.29,3758,15.53,128.0,0.0015,low,production,2026-03-01T19:00:23.561661
svc_009,Search Service,Catalog Service,Search Service,203.77,3630,17.45,321.0,0.0469,medium,production,2026-03-01T19:16:23.561661
svc_016,Billing Service,Payment Service,Billing Service,156.57,3554,84.8,422.0,0.0491,high,production,2026-03-01T19:20:23.561661
svc_018,Session Service,Auth Service,Session Service,464.23,3228,83.98,754.0,0.0437,high,production,2026-03-01T19:30:23.561661
svc_014,Email Service,Notification Service,Email Service,236.53,2808,32.17,1961.0,0.0113,medium,production,2026-03-01T19:55:23.561661
svc_013,Cache Service,Catalog Service,Cache Service,392.77,1865,35.75,1505.0,0.0013,high,production,2026-03-01T19:59:23.561661
svc_007,Inventory Service,Order Service,Inventory Service,303.8,4880,30.19,1941.0,0.0159,high,production,2026-03-01T20:07:23.561661
svc_003,User Service,Auth Service,User Service,100.08,2186,12.31,1314.0,0.023,high,production,2026-03-01T20:20:23.561661
svc_009,Search Service,Catalog Service,Search Service,22.2,3903,55.99,370.0,0.0065,medium,production,2026-03-01T20:23:23.561661
svc_006,Notification Service,Payment Service,Notification Service,448.97,6870,32.56,1466.0,0.0473,medium,production,2026-03-01T20:31:23.561661
svc_015,Report Service,Billing Service,Report Service,217.55,3427,40.17,463.0,0.0386,low,production,2026-03-01T20:36:23.561661
svc_012,Config Service,Auth Service,Config Service,223.24,3350,50.89,1629.0,0.0085,high,production,2026-03-01T20:37:23.561661
svc_012,Config Service,User Service,Config Service,442.13,8109,31.09,1461.0,0.0467,high,production,2026-03-01T21:17:23.561661
svc_015,Report Service,Analytics Service,Report Service,312.49,687,12.97,620.0,0.0472,low,production,2026-03-01T21:18:23.561661
svc_002,Auth Service,API Gateway,Auth Service,76.81,3221,67.12,1652.0,0.0171,critical,production,2026-03-01T21:33:23.561661
svc_013,Cache Service,Catalog Service,Cache Service,337.37,6319,59.64,1600.0,0.0337,high,production,2026-03-01T21:34:23.561661
svc_012,Config Service,User Service,Config Service,226.64,6080,31.41,231.0,0.0405,high,production,2026-03-01T21:37:23.561661
svc_012,Config Service,Auth Service,Config Service,86.37,3456,57.91,815.0,0.0163,high,production,2026-03-01T21:38:23.561661
svc_003,User Service,Auth Service,User Service,311.62,4198,80.21,505.0,0.0467,high,production,2026-03-01T22:04:23.561661
svc_007,Inventory Service,Order Service,Inventory Service,187.65,481,26.21,1109.0,0.0423,high,production,2026-03-01T22:21:23.561661
svc_011,Logging Service,API Gateway,Logging Service,66.78,4325,54.29,460.0,0.0335,medium,production,2026-03-01T22:37:23.561661
svc_017,Recommendation Service,Search Service,Recommendation Service,156.54,3405,16.04,625.0,0.0453,medium,production,2026-03-01T23:00:23.561661
svc_013,Cache Service,Search Service,Cache Service,84.5,3770,30.69,510.0,0.0334,high,production,2026-03-01T23:11:23.561661
svc_003,User Service,API Gateway,User Service,225.15,9683,76.75,771.0,0.0125,high,production,2026-03-01T23:16:23.561661
svc_009,Search Service,API Gateway,Search Service,89.82,3912,32.79,383.0,0.0222,medium,production,2026-03-01T23:34:23.561661
svc_007,Inventory Service,Order Service,Inventory Service,256.73,785,55.25,2007.0,0.0127,high,production,2026-03-01T23:58:23.561661
svc_003,User Service,Auth Service,User Service,73.72,1247,71.52,1542.0,0.0288,high,production,2026-03-02T00:00:23.561661
svc_008,Catalog Service,Inventory Service,Catalog Service,288.95,5175,51.21,1602.0,0.0026,high,production,2026-03-02T00:46:23.561661
svc_008,Catalog Service,Inventory Service,Catalog Service,85.51,5228,28.8,450.0,0.0401,high,production,2026-03-02T00:50:23.561661
svc_007,Inventory Service,Order Service,Inventory Service,179.65,3453,72.83,136.0,0.0065,high,production,2026-03-02T01:06:23.561661
svc_009,Search Service,Catalog Service,Search Service,65.3,3348,49.54,945.0,0.0158,medium,production,2026-03-02T01:21:23.561661
svc_007,Inventory Service,Order Service,Inventory Service,58.58,1438,73.36,908.0,0.0079,high,production,2026-03-02T01:27:23.561661
svc_014,Email Service,Notification Service,Email Service,229.77,4087,50.11,455.0,0.0314,medium,production,2026-03-02T01:27:23.561661
svc_017,Recommendation Service,Search Service,Recommendation Service,425.61,3451,37.14,145.0,0.0337,medium,production,2026-03-02T01:49:23.561661
svc_014,Email Service,Notification Service,Email Service,167.54,2591,23.23,354.0,0.041,medium,production,2026-03-02T02:02:23.561661
svc_013,Cache Service,Search Service,Cache Service,299.07,3116,7.67,1776.0,0.025,high,production,2026-03-02T02:10:23.561661
svc_010,Analytics Service,Order Service,Analytics Service,235.6,1791,76.59,1226.0,0.0223,low,production,2026-03-02T02:10:23.561661
svc_004,Order Service,API Gateway,Order Service,477.48,4014,60.15,1960.0,0.0245,critical,production,2026-03-02T02:14:23.561661
svc_014,Email Service,Notification Service,Email Service,111.21,1872,16.53,720.0,0.0025,medium,production,2026-03-02T02:40:23.561661
svc_012,Config Service,Auth Service,Config Service,117.55,8002,70.85,194.0,0.0399,high,production,2026-03-02T02:51:23.561661
svc_015,Report Service,Billing Service,Report Service,178.58,2331,31.29,239.0,0.0305,low,production,2026-03-02T02:58:23.561661
svc_005,Payment Service,Order Service,Payment Service,341.62,10017,57.35,459.0,0.0337,critical,production,2026-03-02T03:09:23.561661
svc_007,Inventory Service,Order Service,Inventory Service,125.11,1934,19.56,1943.0,0.028,high,production,2026-03-02T03:33:23.561661
svc_012,Config Service,Order Service,Config Service,350.11,2850,83.78,618.0,0.0036,high,production,2026-03-02T03:36:23.561661
svc_015,Report Service,Analytics Service,Report Service,42.22,2238,8.14,1882.0,0.0273,low,production,2026-03-02T04:04:23.561661
svc_012,Config Service,Auth Service,Config Service,119.01,1407,38.45,1623.0,0.024,high,production,2026-03-02T04:09:23.561661
svc_018,Session Service,Auth Service,Session Service,111.62,8117,18.11,368.0,0.0211,high,production,2026-03-02T04:23:23.561661
svc_012,Config Service,Order Service,Config Service,109.31,9055,48.01,1578.0,0.0445,high,production,2026-03-02T04:25:23.561661
svc_014,Email Service,Notification Service,Email Service,366.77,4928,43.68,518.0,0.0348,medium,production,2026-03-02T04:32:23.561661
svc_007,Inventory Service,Order Service,Inventory Service,452.85,5224,76.12,1704.0,0.0187,high,production,2026-03-02T04:47:23.561661
svc_015,Report Service,Analytics Service,Report Service,350.19,10,31.98,1844.0,0.0042,low,production,2026-03-02T04:51:23.561661
svc_018,Session Service,Auth Service,Session Service,417.11,659,17.94,2009.0,0.0176,high,production,2026-03-02T04:56:23.561661
svc_004,Order Service,API Gateway,Order Service,172.92,8495,28.22,1908.0,0.0227,critical,production,2026-03-02T05:13:23.561661
svc_015,Report Service,Billing Service,Report Service,118.33,3426,50.01,615.0,0.0451,low,production,2026-03-02T05:34:23.561661
svc_006,Notification Service,Order Service,Notification Service,467.31,8220,76.62,976.0,0.0257,medium,production,2026-03-02T05:49:23.561661
svc_010,Analytics Service,User Service,Analytics Service,281.15,6121,31.63,1096.0,0.0311,low,production,2026-03-02T05:53:23.561661
svc_008,Catalog Service,Inventory Service,Catalog Service,133.78,2945,61.91,301.0,0.0024,high,production,2026-03-02T05:55:23.561661
svc_012,Config Service,Auth Service,Config Service,403.39,3432,19.97,948.0,0.0422,high,production,2026-03-02T06:00:23.561661
svc_008,Catalog Service,Inventory Service,Catalog Service,494.19,2906,67.54,1688.0,0.0125,high,production,2026-03-02T06:04:23.561661
svc_013,Cache Service,Catalog Service,Cache Service,89.02,3015,22.41,162.0,0.0167,high,production,2026-03-02T06:08:23.561661
svc_015,Report Service,Billing Service,Report Service,518.9,7097,56.77,1975.0,0.0302,low,production,2026-03-02T06:09:23.561661
svc_015,Report Service,Billing Service,Report Service,188.22,5152,10.44,404.0,0.0393,low,production,2026-03-02T06:11:23.561661
svc_015,Report Service,Analytics Service,Report Service,252.48,1655,19.32,921.0,0.0058,low,production,2026-03-02T06:21:23.561661
svc_012,Config Service,User Service,Config Service,485.93,4843,28.68,438.0,0.0129,high,production,2026-03-02T06:26:23.561661
svc_013,Cache Service,Search Service,Cache Service,432.92,4242,47.73,1902.0,0.0328,high,production,2026-03-02T06:31:23.561661
svc_013,Cache Service,Search Service,Cache Service,338.72,3222,17.07,1462.0,0.0322,high,production,2026-03-02T06:44:23.561661
svc_006,Notification Service,Payment Service,Notification Service,447.26,5201,47.47,961.0,0.04,medium,production,2026-03-02T06:47:23.561661
svc_013,Cache Service,Search Service,Cache Service,71.19,1526,10.59,1258.0,0.0089,high,production,2026-03-02T06:57:23.561661
svc_003,User Service,Auth Service,User Service,406.15,6227,83.29,1267.0,0.0079,high,production,2026-03-02T07:00:23.561661
svc_004,Order Service,API Gateway,Order Service,176.5,8909,34.89,1838.0,0.0495,critical,production,2026-03-02T07:14:23.561661
svc_008,Catalog Service,Inventory Service,Catalog Service,430.49,3803,28.36,1422.0,0.027,high,production,2026-03-02T07:14:23.561661
svc_009,Search Service,Catalog Service,Search Service,220.36,4430,24.08,1369.0,0.0072,medium,production,2026-03-02T07:32:23.561661
svc_012,Config Service,User Service,Config Service,321.05,5610,24.89,1247.0,0.029,high,production,2026-03-02T07:37:23.561661
svc_006,Notification Service,Order Service,Notification Service,72.51,9182,55.75,664.0,0.0419,medium,production,2026-03-02T07:55:23.561661
svc_005,Payment Service,Order Service,Payment Service,181.31,5398,23.55,1061.0,0.013,critical,production,2026-03-02T08:21:23.561661
svc_002,Auth Service,API Gateway,Auth Service,435.72,1409,61.2,1473.0,0.0186,critical,production,2026-03-02T08:22:23.561661
svc_017,Recommendation Service,Search Service,Recommendation Service,370.58,4834,41.67,224.0,0.0295,medium,production,2026-03-02T08:32:23.561661
svc_015,Report Service,Billing Service,Report Service,290.92,598,11.39,319.0,0.0357,low,production,2026-03-02T08:47:23.561661
svc_014,Email Service,Notification Service,Email Service,405.85,10,6.61,147.0,0.0405,medium,production,2026-03-02T08:51:23.561661
svc_012,Config Service,Order Service,Config Service,466.24,5083,27.01,1696.0,0.0126,high,production,2026-03-02T09:01:23.561661
svc_003,User Service,Auth Service,User Service,247.93,5367,17.04,188.0,0.0476,high,production,2026-03-02T09:17:23.561661
svc_003,User Service,API Gateway,User Service,84.37,4487,33.21,1470.0,0.0354,high,production,2026-03-02T09:18:23.561661
svc_016,Billing Service,Payment Service,Billing Service,406.63,10256,13.54,728.0,0.0308,high,production,2026-03-02T09:34:23.561661
svc_014,Email Service,Notification Service,Email Service,65.43,4901,18.73,1979.0,0.0303,medium,production,2026-03-02T09:38:23.561661
svc_009,Search Service,Catalog Service,Search Service,75.49,403,52.06,1145.0,0.0018,medium,production,2026-03-02T09:46:23.561661
svc_005,Payment Service,Order Service,Payment Service,188.25,8002,63.06,1366.0,0.0263,critical,production,2026-03-02T09:49:23.561661
svc_015,Report Service,Billing Service,Report Service,131.35,6035,18.86,1861.0,0.0475,low,production,2026-03-02T09:52:23.561661
svc_003,User Service,API Gateway,User Service,462.58,2803,46.39,1087.0,0.0195,high,production,2026-03-02T10:22:23.561661
svc_003,User Service,Auth Service,User Service,281.65,1761,68.49,1733.0,0.0154,high,production,2026-03-02T10:26:23.561661
svc_005,Payment Service,Order Service,Payment Service,458.16,4286,69.15,1764.0,0.0484,critical,production,2026-03-02T10:34:23.561661
svc_002,Auth Service,API Gateway,Auth Service,168.81,2722,81.06,1923.0,0.0033,critical,production,2026-03-02T10:42:23.561661
svc_010,Analytics Service,User Service,Analytics Service,239.85,4598,24.62,1628.0,0.0022,low,production,2026-03-02T10:44:23.561661
svc_012,Config Service,Auth Service,Config Service,417.18,9508,25.15,1155.0,0.0285,high,production,2026-03-02T11:05:23.561661
svc_012,Config Service,Auth Service,Config Service,317.53,555,55.96,197.0,0.0453,high,production,2026-03-02T11:05:23.561661
svc_017,Recommendation Service,Search Service,Recommendation Service,305.71,1375,12.31,420.0,0.0472,medium,production,2026-03-02T11:11:23.561661
svc_006,Notification Service,Payment Service,Notification Service,243.64,5505,79.43,424.0,0.0088,medium,production,2026-03-02T11:21:23.561661
svc_005,Payment Service,Order Service,Payment Service,424.95,8681,44.23,150.0,0.0164,critical,production,2026-03-02T11:32:23.561661
svc_008,Catalog Service,Inventory Service,Catalog Service,66.25,407,11.37,985.0,0.0041,high,production,2026-03-02T11:35:23.561661
svc_013,Cache Service,Catalog Service,Cache Service,456.75,2894,9.43,247.0,0.0115,high,production,2026-03-02T11:43:23.561661
svc_017,Recommendation Service,Search Service,Recommendation Service,381.81,3019,20.48,310.0,0.0188,medium,production,2026-03-02T11:55:23.561661
svc_015,Report Service,Billing Service,Report Service,363.65,2262,34.49,674.0,0.0149,low,production,2026-03-02T12:23:23.561661
svc_017,Recommendation Service,Search Service,Recommendation Service,475.22,2575,14.35,1878.0,0.0233,medium,production,2026-03-02T12:26:23.561661
svc_010,Analytics Service,User Service,Analytics Service,271.32,3706,43.22,1471.0,0.0069,low,production,2026-03-02T12:35:23.561661
svc_012,Config Service,Auth Service,Config Service,105.11,2788,24.55,2036.0,0.0276,high,production,2026-03-02T12:39:23.561661
svc_009,Search Service,API Gateway,Search Service,60.52,9329,49.2,1253.0,0.0254,medium,production,2026-03-02T12:41:23.561661
svc_008,Catalog Service,Inventory Service,Catalog Service,161.92,4316,43.24,1579.0,0.0395,high,production,2026-03-02T12:55:23.561661
svc_012,Config Service,Auth Service,Config Service,419.74,6310,22.43,2015.0,0.0472,high,production,2026-03-02T12:58:23.561661
svc_017,Recommendation Service,Search Service,Recommendation Service,228.48,783,32.61,502.0,0.0107,medium,production,2026-03-02T13:12:23.561661
svc_012,Config Service,Auth Service,Config Service,476.09,9357,12.77,1340.0,0.0174,high,production,2026-03-02T13:14:23.561661
svc_010,Analytics Service,Order Service,Analytics Service,52.24,8579,83.99,2011.0,0.0216,low,production,2026-03-02T13:15:23.561661
svc_009,Search Service,Catalog Service,Search Service,316.18,1052,27.5,712.0,0.039,medium,production,2026-03-02T13:16:23.561661
svc_006,Notification Service,Order Service,Notification Service,395.25,2749,27.86,1735.0,0.0171,medium,production,2026-03-02T13:23:23.561661
svc_007,Inventory Service,Order Service,Inventory Service,79.88,6348,64.31,1714.0,0.0323,high,production,2026-03-02T13:36:23.561661
svc_012,Config Service,Auth Service,Config Service,313.23,925,22.09,655.0,0.0486,high,production,2026-03-02T13:39:23.561661
svc_010,Analytics Service,User Service,Analytics Service,418.37,10,41.01,2015.0,0.0059,low,production,2026-03-02T13:46:23.561661
svc_012,Config Service,Auth Service,Config Service,100.74,1582,66.62,1655.0,0.0091,high,production,2026-03-02T13:49:23.561661
svc_012,Config Service,Auth Service,Config Service,154.0,2298,49.29,1345.0,0.0102,high,production,2026-03-02T13:56:23.561661
svc_010,Analytics Service,User Service,Analytics Service,376.08,3460,30.22,250.0,0.0446,low,production,2026-03-02T14:01:23.561661
svc_013,Cache Service,Catalog Service,Cache Service,23.68,5556,9.71,976.0,0.0212,high,production,2026-03-02T14:01:23.561661
svc_015,Report Service,Billing Service,Report Service,315.09,4579,9.0,245.0,0.0072,low,production,2026-03-02T14:17:23.561661
svc_009,Search Service,API Gateway,Search Service,148.58,3851,37.9,1659.0,0.0211,medium,production,2026-03-02T14:31:23.561661
svc_003,User Service,API Gateway,User Service,327.62,6044,20.39,1297.0,0.0206,high,production,2026-03-02T14:37:23.561661
svc_012,Config Service,User Service,Config Service,163.54,359,56.47,1396.0,0.0091,high,production,2026-03-02T14:46:23.561661
svc_012,Config Service,Order Service,Config Service,48.48,6944,76.45,1863.0,0.0123,high,production,2026-03-02T15:12:23.561661
svc_004,Order Service,API Gateway,Order Service,180.04,5089,44.58,266.0,0.0336,critical,production,2026-03-02T15:26:23.561661
svc_015,Report Service,Analytics Service,Report Service,388.2,2279,15.85,668.0,0.0239,low,production,2026-03-02T15:27:23.561661
svc_014,Email Service,Notification Service,Email Service,100.09,3196,19.33,1700.0,0.0133,medium,production,2026-03-02T15:35:23.561661
svc_003,User Service,Auth Service,User Service,32.38,7232,49.12,464.0,0.0153,high,production,2026-03-02T15:38:23.561661
svc_011,Logging Service,API Gateway,Logging Service,333.22,3093,36.74,1988.0,0.0214,medium,production,2026-03-02T15:42:23.561661
svc_013,Cache Service,Search Service,Cache Service,216.76,1586,12.42,384.0,0.0431,high,production,2026-03-02T15:43:23.561661
svc_006,Notification Service,Order Service,Notification Service,340.04,3920,38.93,922.0,0.0231,medium,production,2026-03-02T15:44:23.561661
svc_015,Report Service,Analytics Service,Report Service,70.28,3282,12.65,164.0,0.0074,low,production,2026-03-02T16:04:23.561661
svc_015,Report Service,Billing Service,Report Service,94.93,4324,10.18,618.0,0.0455,low,production,2026-03-02T16:07:23.561661
svc_009,Search Service,API Gateway,Search Service,200.09,6425,12.54,281.0,0.0454,medium,production,2026-03-02T16:08:23.561661
svc_005,Payment Service,Order Service,Payment Service,26.28,1946,81.14,2021.0,0.0098,critical,production,2026-03-02T16:11:23.561661
svc_009,Search Service,Catalog Service,Search Service,351.17,2165,46.48,1964.0,0.0175,medium,production,2026-03-02T16:16:23.561661
svc_016,Billing Service,Payment Service,Billing Service,373.5,6669,77.26,719.0,0.001,high,production,2026-03-02T16:21:23.561661
svc_002,Auth Service,API Gateway,Auth Service,438.61,1580,53.33,1421.0,0.0239,critical,production,2026-03-02T16:29:23.561661
svc_014,Email Service,Notification Service,Email Service,421.61,3285,45.65,626.0,0.0242,medium,production,2026-03-02T16:39:23.561661
svc_012,Config Service,Order Service,Config Service,170.69,6989,15.79,2047.0,0.047,high,production,2026-03-02T16:56:23.561661
svc_010,Analytics Service,User Service,Analytics Service,518.17,4793,10.8,1292.0,0.0469,low,production,2026-03-02T17:09:23.561661
svc_012,Config Service,Auth Service,Config Service,436.26,5365,53.81,716.0,0.0349,high,production,2026-03-02T17:13:23.561661
svc_002,Auth Service,API Gateway,Auth Service,183.56,1874,25.53,1269.0,0.0175,critical,production,2026-03-02T17:17:23.561661
svc_018,Session Service,Auth Service,Session Service,72.01,5947,14.75,872.0,0.0158,high,production,2026-03-02T17:34:23.561661
svc_016,Billing Service,Payment Service,Billing Service,370.09,4621,48.22,308.0,0.0079,high,production,2026-03-02T17:58:23.561661
svc_014,Email Service,Notification Service,Email Service,199.01,3071,38.58,1273.0,0.0449,medium,production,2026-03-02T18:01:23.561661
svc_012,Config Service,User Service,Config Service,231.21,5927,29.83,732.0,0.0161,high,production,2026-03-02T18:08:23.561661
svc_015,Report Service,Analytics Service,Report Service,237.58,1249,19.98,1570.0,0.0465,low,production,2026-03-02T18:12:23.561661
svc_015,Report Service,Billing Service,Report Service,368.34,3664,20.92,658.0,0.0121,low,production,2026-03-02T18:48:23.561661
svc_013,Cache Service,Catalog Service,Cache Service,498.13,4769,60.92,2028.0,0.0272,high,production,2026-03-02T18:50:23.561661
svc_018,Session Service,Auth Service,Session Service,382.64,10118,56.54,1981.0,0.0248,high,production,2026-03-02T18:56:23.561661
svc_014,Email Service,Notification Service,Email Service,471.06,2436,20.86,2023.0,0.0065,medium,production,2026-03-02T18:58:23.561661
svc_007,Inventory Service,Order Service,Inventory Service,39.5,8090,17.02,237.0,0.0012,high,production,2026-03-02T19:29:23.561661
svc_014,Email Service,Notification Service,Email Service,214.28,10,16.45,1545.0,0.0325,medium,production,2026-03-02T19:32:23.561661
svc_018,Session Service,Auth Service,Session Service,31.05,544,28.5,525.0,0.035,high,production,2026-03-02T19:46:23.561661
svc_012,Config Service,User Service,Config Service,327.08,416,29.05,848.0,0.0294,high,production,2026-03-02T19:49:23.561661
svc_006,Notification Service,Order Service,Notification Service,224.78,7214,16.98,1899.0,0.0185,medium,production,2026-03-02T19:57:23.561661
svc_009,Search Service,Catalog Service,Search Service,485.58,3623,21.35,1750.0,0.0363,medium,production,2026-03-02T20:10:23.561661
svc_002,Auth Service,API Gateway,Auth Service,30.13,8718,73.16,1247.0,0.0036,critical,production,2026-03-02T20:14:23.561661
svc_003,User Service,API Gateway,User Service,131.82,4169,23.79,1746.0,0.0114,high,production,2026-03-02T20:28:23.561661
svc_012,Config Service,Auth Service,Config Service,246.48,4426,83.88,444.0,0.0351,high,production,2026-03-02T20:31:23.561661
svc_006,Notification Service,Order Service,Notification Service,181.66,5403,41.25,2046.0,0.0041,medium,production,2026-03-02T21:24:23.561661
svc_006,Notification Service,Order Service,Notification Service,243.33,1449,20.01,578.0,0.0356,medium,production,2026-03-02T21:28:23.561661
svc_016,Billing Service,Payment Service,Billing Service,212.56,6405,52.4,1999.0,0.0446,high,production,2026-03-02T21:42:23.561661
svc_002,Auth Service,API Gateway,Auth Service,44.44,1491,84.56,1649.0,0.0047,critical,production,2026-03-02T21:52:23.561661
svc_014,Email Service,Notification Service,Email Service,539.36,3995,15.53,1625.0,0.0462,medium,production,2026-03-02T21:53:23.561661
svc_005,Payment Service,Order Service,Payment Service,379.27,2746,17.54,1279.0,0.0127,critical,production,2026-03-02T22:01:23.561661
svc_012,Config Service,Auth Service,Config Service,149.48,3075,48.18,1921.0,0.0361,high,production,2026-03-02T22:02:23.561661
svc_013,Cache Service,Catalog Service,Cache Service,311.64,8316,67.78,173.0,0.0315,high,production,2026-03-02T22:02:23.561661
svc_004,Order Service,API Gateway,Order Service,123.15,6104,28.01,1699.0,0.0433,critical,production,2026-03-02T22:29:23.561661
svc_010,Analytics Service,User Service,Analytics Service,366.31,6873,27.03,684.0,0.0489,low,production,2026-03-02T22:52:23.561661
svc_018,Session Service,Auth Service,Session Service,148.97,2342,16.72,224.0,0.0222,high,production,2026-03-02T22:56:23.561661
svc_016,Billing Service,Payment Service,Billing Service,38.68,1854,53.46,1021.0,0.0124,high,production,2026-03-02T23:10:23.561661
svc_018,Session Service,Auth Service,Session Service,399.86,9334,33.16,1494.0,0.0395,high,production,2026-03-02T23:15:23.561661
svc_010,Analytics Service,Order Service,Analytics Service,277.49,4485,63.54,880.0,0.01,low,production,2026-03-02T23:31:23.561661
svc_015,Report Service,Analytics Service,Report Service,110.02,3095,11.26,399.0,0.0348,low,production,2026-03-02T23:34:23.561661
svc_004,Order Service,API Gateway,Order Service,196.34,5939,33.74,341.0,0.0192,critical,production,2026-03-02T23:35:23.561661
svc_015,Report Service,Billing Service,Report Service,436.62,6707,9.09,1840.0,0.0496,low,production,2026-03-02T23:44:23.561661
svc_005,Payment Service,Order Service,Payment Service,69.21,7951,65.21,1463.0,0.0353,critical,production,2026-03-03T00:10:23.561661
svc_013,Cache Service,Catalog Service,Cache Service,174.42,5970,12.7,1662.0,0.0396,high,production,2026-03-03T00:11:23.561661
svc_016,Billing Service,Payment Service,Billing Service,26.07,6557,69.83,1891.0,0.0263,high,production,2026-03-03T00:23:23.561661
svc_015,Report Service,Billing Service,Report Service,43.77,2824,17.06,314.0,0.0019,low,production,2026-03-03T00:36:23.561661
svc_011,Logging Service,API Gateway,Logging Service,405.74,1062,42.49,981.0,0.0045,medium,production,2026-03-03T01:01:23.561661
svc_002,Auth Service,API Gateway,Auth Service,73.24,5197,45.47,1859.0,0.0184,critical,production,2026-03-03T01:03:23.561661
svc_009,Search Service,API Gateway,Search Service,140.69,2257,39.6,1741.0,0.0047,medium,production,2026-03-03T01:08:23.561661
svc_009,Search Service,API Gateway,Search Service,219.26,2608,59.78,1285.0,0.0146,medium,production,2026-03-03T01:19:23.561661
svc_009,Search Service,API Gateway,Search Service,260.88,8293,41.38,1071.0,0.0087,medium,production,2026-03-03T01:24:23.561661
svc_014,Email Service,Notification Service,Email Service,99.05,6414,40.88,776.0,0.0209,medium,production,2026-03-03T01:41:23.561661
svc_010,Analytics Service,Order Service,Analytics Service,300.53,6914,83.14,1576.0,0.0402,low,production,2026-03-03T01:48:23.561661
svc_013,Cache Service,Catalog Service,Cache Service,171.44,1759,41.17,929.0,0.0389,high,production,2026-03-03T02:15:23.561661
svc_011,Logging Service,API Gateway,Logging Service,147.55,5420,84.43,1636.0,0.0126,medium,production,2026-03-03T02:27:23.561661
svc_012,Config Service,User Service,Config Service,258.22,3917,44.93,959.0,0.045,high,production,2026-03-03T02:35:23.561661
svc_012,Config Service,User Service,Config Service,155.96,777,63.16,392.0,0.0373,high,production,2026-03-03T02:41:23.561661
svc_010,Analytics Service,Order Service,Analytics Service,72.18,2570,25.69,400.0,0.015,low,production,2026-03-03T02:41:23.561661
svc_007,Inventory Service,Order Service,Inventory Service,290.66,4214,34.19,1498.0,0.0213,high,production,2026-03-03T02:42:23.561661
svc_017,Recommendation Service,Search Service,Recommendation Service,279.91,5397,34.81,956.0,0.0049,medium,production,2026-03-03T02:44:23.561661
svc_012,Config Service,Order Service,Config Service,294.49,9289,69.81,1856.0,0.0414,high,production,2026-03-03T02:45:23.561661
svc_015,Report Service,Billing Service,Report Service,489.31,5008,33.96,2014.0,0.0013,low,production,2026-03-03T02:47:23.561661
svc_012,Config Service,Auth Service,Config Service,399.82,6121,49.45,168.0,0.016,high,production,2026-03-03T03:38:23.561661
svc_009,Search Service,API Gateway,Search Service,193.86,8700,67.65,886.0,0.0271,medium,production,2026-03-03T03:45:23.561661
svc_013,Cache Service,Search Service,Cache Service,66.21,5773,16.79,875.0,0.0219,high,production,2026-03-03T04:10:23.561661
svc_010,Analytics Service,User Service,Analytics Service,497.05,1274,27.0,1058.0,0.0171,low,production,2026-03-03T04:16:23.561661
svc_008,Catalog Service,Inventory Service,Catalog Service,334.42,4093,64.79,1731.0,0.0218,high,production,2026-03-03T04:42:23.561661
svc_003,User Service,API Gateway,User Service,60.87,4498,48.32,1002.0,0.0498,high,production,2026-03-03T04:47:23.561661
svc_004,Order Service,API Gateway,Order Service,33.18,4170,16.12,1074.0,0.0108,critical,production,2026-03-03T04:55:23.561661
svc_003,User Service,Auth Service,User Service,294.1,6917,21.27,1442.0,0.0079,high,production,2026-03-03T05:12:23.561661
svc_015,Report Service,Billing Service,Report Service,493.81,6721,10.48,713.0,0.0429,low,production,2026-03-03T05:14:23.561661
svc_018,Session Service,Auth Service,Session Service,281.21,8344,83.13,1334.0,0.007,high,production,2026-03-03T05:23:23.561661
svc_006,Notification Service,Payment Service,Notification Service,345.48,5796,83.89,865.0,0.0217,medium,production,2026-03-03T05:35:23.561661
svc_012,Config Service,Order Service,Config Service,188.48,7645,15.39,1156.0,0.033,high,production,2026-03-03T05:43:23.561661
svc_005,Payment Service,Order Service,Payment Service,489.92,3755,57.39,1890.0,0.0372,critical,production,2026-03-03T05:52:23.561661
svc_013,Cache Service,Catalog Service,Cache Service,486.66,3181,22.05,854.0,0.0349,high,production,2026-03-03T06:01:23.561661
svc_009,Search Service,API Gateway,Search Service,158.15,1193,44.78,1727.0,0.0233,medium,production,2026-03-03T06:13:23.561661
svc_010,Analytics Service,User Service,Analytics Service,404.85,3004,32.52,546.0,0.0411,low,production,2026-03-03T06:13:23.561661
svc_011,Logging Service,API Gateway,Logging Service,327.23,8971,39.92,1405.0,0.0152,medium,production,2026-03-03T06:23:23.561661
svc_012,Config Service,Order Service,Config Service,169.85,2769,50.47,1839.0,0.0483,high,production,2026-03-03T06:26:23.561661
svc_012,Config Service,Order Service,Config Service,493.11,2096,26.19,953.0,0.0472,high,production,2026-03-03T06:32:23.561661
svc_004,Order Service,API Gateway,Order Service,63.05,6192,35.55,1042.0,0.0315,critical,production,2026-03-03T06:33:23.561661
svc_012,Config Service,Auth Service,Config Service,365.05,1794,56.35,1503.0,0.0219,high,production,2026-03-03T06:42:23.561661
svc_012,Config Service,Order Service,Config Service,430.9,5139,74.68,478.0,0.0146,high,production,2026-03-03T06:50:23.561661
svc_006,Notification Service,Payment Service,Notification Service,152.45,695,55.58,1587.0,0.0237,medium,production,2026-03-03T06:54:23.561661
svc_006,Notification Service,Payment Service,Notification Service,129.69,7462,17.34,849.0,0.0036,medium,production,2026-03-03T07:26:23.561661
svc_016,Billing Service,Payment Service,Billing Service,201.55,10286,63.22,1329.0,0.0404,high,production,2026-03-03T07:30:23.561661
svc_018,Session Service,Auth Service,Session Service,52.45,1359,55.78,323.0,0.0264,high,production,2026-03-03T07:31:23.561661
svc_010,Analytics Service,User Service,Analytics Service,141.43,2165,61.69,1329.0,0.0361,low,production,2026-03-03T07:47:23.561661
svc_010,Analytics Service,User Service,Analytics Service,487.85,690,45.64,380.0,0.0375,low,production,2026-03-03T07:58:23.561661
svc_003,User Service,Auth Service,User Service,428.61,4414,17.87,1097.0,0.0231,high,production,2026-03-03T08:00:23.561661
svc_006,Notification Service,Order Service,Notification Service,126.51,8497,72.19,1742.0,0.0429,medium,production,2026-03-03T08:19:23.561661
svc_007,Inventory Service,Order Service,Inventory Service,300.88,6315,47.12,1501.0,0.0301,high,production,2026-03-03T08:22:23.561661
svc_014,Email Service,Notification Service,Email Service,116.3,10,23.62,1220.0,0.0484,medium,production,2026-03-03T08:36:23.561661
svc_003,User Service,API Gateway,User Service,262.79,6677,79.41,1854.0,0.0485,high,production,2026-03-03T08:36:23.561661
svc_013,Cache Service,Search Service,Cache Service,385.2,2132,23.03,193.0,0.0301,high,production,2026-03-03T08:41:23.561661
svc_016,Billing Service,Payment Service,Billing Service,416.2,2253,41.94,1933.0,0.0266,high,production,2026-03-03T08:45:23.561661
svc_012,Config Service,Auth Service,Config Service,462.07,5128,19.49,1792.0,0.0447,high,production,2026-03-03T08:45:23.561661
svc_007,Inventory Service,Order Service,Inventory Service,137.73,4572,82.89,1402.0,0.0318,high,production,2026-03-03T08:46:23.561661
svc_015,Report Service,Billing Service,Report Service,495.32,3306,27.67,804.0,0.0096,low,production,2026-03-03T09:06:23.561661
svc_003,User Service,Auth Service,User Service,221.1,8658,74.97,1521.0,0.0401,high,production,2026-03-03T09:08:23.561661
svc_009,Search Service,API Gateway,Search Service,451.62,4336,69.07,461.0,0.0229,medium,production,2026-03-03T09:21:23.561661
svc_011,Logging Service,API Gateway,Logging Service,151.53,8242,58.11,926.0,0.0216,medium,production,2026-03-03T09:33:23.561661
svc_013,Cache Service,Catalog Service,Cache Service,290.98,1562,39.86,1808.0,0.0168,high,production,2026-03-03T09:39:23.561661
svc_013,Cache Service,Catalog Service,Cache Service,317.61,1746,15.87,1462.0,0.0414,high,production,2026-03-03T09:45:23.561661
svc_007,Inventory Service,Order Service,Inventory Service,241.45,7170,49.84,295.0,0.0385,high,production,2026-03-03T09:47:23.561661
svc_012,Config Service,User Service,Config Service,332.02,6015,38.86,1979.0,0.0071,high,production,2026-03-03T10:01:23.561661
svc_016,Billing Service,Payment Service,Billing Service,291.86,6361,40.31,292.0,0.0041,high,production,2026-03-03T10:03:23.561661
svc_014,Email Service,Notification Service,Email Service,310.22,1719,10.92,690.0,0.0027,medium,production,2026-03-03T10:06:23.561661
svc_006,Notification Service,Payment Service,Notification Service,378.88,4983,24.57,1673.0,0.0483,medium,production,2026-03-03T10:23:23.561661
svc_014,Email Service,Notification Service,Email Service,271.02,3147,22.97,682.0,0.0012,medium,production,2026-03-03T10:24:23.561661
svc_016,Billing Service,Payment Service,Billing Service,149.08,3637,10.11,1688.0,0.0173,high,production,2026-03-03T10:27:23.561661
svc_005,Payment Service,Order Service,Payment Service,24.87,7167,45.96,1846.0,0.0322,critical,production,2026-03-03T10:33:23.561661
svc_015,Report Service,Billing Service,Report Service,59.7,914,27.09,1025.0,0.045,low,production,2026-03-03T10:39:23.561661
svc_004,Order Service,API Gateway,Order Service,350.65,3075,49.18,857.0,0.0122,critical,production,2026-03-03T11:12:23.561661
svc_009,Search Service,Catalog Service,Search Service,420.73,10,18.47,495.0,0.0103,medium,production,2026-03-03T11:12:23.561661
svc_006,Notification Service,Payment Service,Notification Service,382.08,8633,46.73,719.0,0.0342,medium,production,2026-03-03T11:19:23.561661
svc_009,Search Service,API Gateway,Search Service,270.94,2129,16.22,686.0,0.0459,medium,production,2026-03-03T11:21:23.561661
svc_010,Analytics Service,Order Service,Analytics Service,419.82,8767,48.57,1262.0,0.0256,low,production,2026-03-03T11:23:23.561661
svc_013,Cache Service,Catalog Service,Cache Service,320.7,994,55.98,179.0,0.0252,high,production,2026-03-03T11:24:23.561661
svc_009,Search Service,Catalog Service,Search Service,185.09,913,56.12,804.0,0.0191,medium,production,2026-03-03T11:34:23.561661
svc_007,Inventory Service,Order Service,Inventory Service,491.96,2152,12.67,1565.0,0.0256,high,production,2026-03-03T11:43:23.561661
svc_012,Config Service,User Service,Config Service,370.98,7708,16.22,817.0,0.0407,high,production,2026-03-03T11:59:23.561661
svc_012,Config Service,Auth Service,Config Service,327.46,6694,76.13,183.0,0.0139,high,production,2026-03-03T12:11:23.561661
svc_009,Search Service,Catalog Service,Search Service,487.45,3431,16.15,1745.0,0.0012,medium,production,2026-03-03T12:16:23.561661
svc_015,Report Service,Billing Service,Report Service,346.31,509,53.68,507.0,0.0202,low,production,2026-03-03T12:17:23.561661
svc_012,Config Service,Order Service,Config Service,83.68,904,42.21,307.0,0.0465,high,production,2026-03-03T12:24:23.561661
svc_014,Email Service,Notification Service,Email Service,194.7,5480,8.35,1111.0,0.0331,medium,production,2026-03-03T12:42:23.561661
svc_015,Report Service,Billing Service,Report Service,238.5,2261,33.05,140.0,0.0248,low,production,2026-03-03T12:43:23.561661
svc_013,Cache Service,Search Service,Cache Service,77.37,4617,12.34,1019.0,0.0051,high,production,2026-03-03T12:55:23.561661
svc_004,Order Service,API Gateway,Order Service,290.67,565,39.43,1072.0,0.0165,critical,production,2026-03-03T13:07:23.561661
svc_008,Catalog Service,Inventory Service,Catalog Service,338.27,7551,34.9,1892.0,0.0431,high,production,2026-03-03T13:08:23.561661
svc_018,Session Service,Auth Service,Session Service,226.04,2247,67.45,1439.0,0.0207,high,production,2026-03-03T13:31:23.561661
svc_015,Report Service,Billing Service,Report Service,184.96,4933,24.47,429.0,0.0016,low,production,2026-03-03T13:45:23.561661
svc_010,Analytics Service,User Service,Analytics Service,444.33,5581,56.22,1961.0,0.0012,low,production,2026-03-03T13:48:23.561661
svc_008,Catalog Service,Inventory Service,Catalog Service,182.69,7473,31.64,1887.0,0.0108,high,production,2026-03-03T14:11:23.561661
svc_016,Billing Service,Payment Service,Billing Service,107.69,1335,42.24,282.0,0.0077,high,production,2026-03-03T14:28:23.561661
svc_007,Inventory Service,Order Service,Inventory Service,416.84,3852,39.65,746.0,0.0362,high,production,2026-03-03T14:31:23.561661
svc_014,Email Service,Notification Service,Email Service,274.46,3053,50.02,1388.0,0.0258,medium,production,2026-03-03T14:42:23.561661
svc_007,Inventory Service,Order Service,Inventory Service,393.5,5014,11.69,1810.0,0.0035,high,production,2026-03-03T14:44:23.561661
svc_006,Notification Service,Order Service,Notification Service,57.66,3453,22.91,1384.0,0.0459,medium,production,2026-03-03T14:46:23.561661
svc_015,Report Service,Billing Service,Report Service,213.34,964,29.78,1463.0,0.03,low,production,2026-03-03T14:52:23.561661
svc_009,Search Service,API Gateway,Search Service,433.33,3305,43.77,1159.0,0.0068,medium,production,2026-03-03T15:11:23.561661
svc_015,Report Service,Billing Service,Report Service,511.68,1383,21.06,1473.0,0.0436,low,production,2026-03-03T15:12:23.561661
svc_011,Logging Service,API Gateway,Logging Service,21.59,3665,71.78,1108.0,0.0017,medium,production,2026-03-03T15:20:23.561661
svc_009,Search Service,API Gateway,Search Service,164.03,8007,81.96,1196.0,0.0147,medium,production,2026-03-03T15:23:23.561661
svc_009,Search Service,Catalog Service,Search Service,213.45,2150,48.6,612.0,0.0098,medium,production,2026-03-03T15:32:23.561661
svc_016,Billing Service,Payment Service,Billing Service,226.63,8096,15.15,1136.0,0.0461,high,production,2026-03-03T15:45:23.561661
svc_009,Search Service,API Gateway,Search Service,413.32,5661,76.04,1988.0,0.0227,medium,production,2026-03-03T16:00:23.561661
svc_003,User Service,Auth Service,User Service,75.97,7488,59.09,737.0,0.0334,high,production,2026-03-03T16:36:23.561661
svc_015,Report Service,Analytics Service,Report Service,361.79,4073,28.7,854.0,0.0386,low,production,2026-03-03T16:36:23.561661
svc_012,Config Service,User Service,Config Service,179.94,4056,61.62,1262.0,0.0334,high,production,2026-03-03T16:50:23.561661
svc_007,Inventory Service,Order Service,Inventory Service,69.93,3350,32.43,484.0,0.0167,high,production,2026-03-03T17:07:23.561661
svc_006,Notification Service,Order Service,Notification Service,400.17,6062,62.71,1926.0,0.0447,medium,production,2026-03-03T17:14:23.561661
svc_003,User Service,Auth Service,User Service,252.54,5142,30.04,952.0,0.008,high,production,2026-03-03T17:53:23.561661
svc_010,Analytics Service,Order Service,Analytics Service,389.85,7410,62.83,931.0,0.0228,low,production,2026-03-03T18:04:23.561661
svc_013,Cache Service,Search Service,Cache Service,279.82,4282,18.32,417.0,0.0103,high,production,2026-03-03T18:08:23.561661
svc_013,Cache Service,Search Service,Cache Service,290.15,4364,45.52,1818.0,0.037,high,production,2026-03-03T18:12:23.561661
svc_004,Order Service,API Gateway,Order Service,209.12,1796,82.92,235.0,0.0287,critical,production,2026-03-03T18:20:23.561661
svc_010,Analytics Service,Order Service,Analytics Service,409.2,8238,45.46,1859.0,0.0208,low,production,2026-03-03T18:45:23.561661
svc_007,Inventory Service,Order Service,Inventory Service,165.31,1876,30.01,442.0,0.0232,high,production,2026-03-03T18:46:23.561661
svc_009,Search Service,Catalog Service,Search Service,328.2,7036,11.04,1025.0,0.0127,medium,production,2026-03-03T19:08:23.561661
svc_013,Cache Service,Search Service,Cache Service,56.34,2613,38.1,353.0,0.006,high,production,2026-03-03T19:10:23.561661
svc_010,Analytics Service,Order Service,Analytics Service,186.91,9180,52.57,936.0,0.0081,low,production,2026-03-03T19:16:23.561661
svc_008,Catalog Service,Inventory Service,Catalog Service,187.03,4077,63.75,1820.0,0.0439,high,production,2026-03-03T19:18:23.561661
svc_006,Notification Service,Payment Service,Notification Service,427.02,7369,57.3,1106.0,0.0308,medium,production,2026-03-03T19:31:23.561661
svc_003,User Service,Auth Service,User Service,385.95,4191,47.58,1221.0,0.0033,high,production,2026-03-03T19:34:23.561661
svc_003,User Service,Auth Service,User Service,345.16,5314,46.88,786.0,0.0274,high,production,2026-03-03T19:58:23.561661
svc_012,Config Service,Auth Service,Config Service,368.38,1953,62.59,621.0,0.0089,high,production,2026-03-03T20:03:23.561661
svc_008,Catalog Service,Inventory Service,Catalog Service,179.36,1061,37.77,1853.0,0.0217,high,production,2026-03-03T20:09:23.561661
svc_003,User Service,Auth Service,User Service,316.07,1361,61.71,1124.0,0.0392,high,production,2026-03-03T20:17:23.561661
svc_013,Cache Service,Catalog Service,Cache Service,345.99,2884,17.37,1406.0,0.0456,high,production,2026-03-03T20:30:23.561661
svc_009,Search Service,API Gateway,Search Service,366.86,3633,36.91,1950.0,0.0194,medium,production,2026-03-03T20:45:23.561661
svc_013,Cache Service,Catalog Service,Cache Service,207.45,6334,28.92,489.0,0.0152,high,production,2026-03-03T21:15:23.561661
svc_008,Catalog Service,Inventory Service,Catalog Service,91.38,1661,27.0,1867.0,0.0076,high,production,2026-03-03T21:19:23.561661
svc_004,Order Service,API Gateway,Order Service,79.26,2318,34.11,693.0,0.0358,critical,production,2026-03-03T21:21:23.561661
svc_006,Notification Service,Payment Service,Notification Service,134.31,7127,83.39,693.0,0.0438,medium,production,2026-03-03T21:29:23.561661
svc_009,Search Service,API Gateway,Search Service,177.99,7151,59.04,361.0,0.0432,medium,production,2026-03-03T21:42:23.561661
svc_006,Notification Service,Payment Service,Notification Service,306.6,7565,60.38,1076.0,0.0141,medium,production,2026-03-03T21:48:23.561661
svc_005,Payment Service,Order Service,Payment Service,404.75,2618,17.71,557.0,0.0252,critical,production,2026-03-03T21:54:23.561661
svc_003,User Service,Auth Service,User Service,143.21,4715,52.33,1674.0,0.0468,high,production,2026-03-03T21:58:23.561661
svc_010,Analytics Service,User Service,Analytics Service,342.29,4211,54.16,1579.0,0.0152,low,production,2026-03-03T22:01:23.561661
svc_007,Inventory Service,Order Service,Inventory Service,293.31,1381,54.31,1973.0,0.0236,high,production,2026-03-03T22:17:23.561661
svc_013,Cache Service,Catalog Service,Cache Service,507.5,6664,57.93,1369.0,0.0242,high,production,2026-03-03T22:22:23.561661
svc_009,Search Service,API Gateway,Search Service,497.22,6069,46.09,2006.0,0.0241,medium,production,2026-03-03T22:33:23.561661
svc_008,Catalog Service,Inventory Service,Catalog Service,61.42,5108,42.44,1856.0,0.0149,high,production,2026-03-03T22:43:23.561661
svc_006,Notification Service,Payment Service,Notification Service,73.06,7406,60.38,1527.0,0.0302,medium,production,2026-03-03T22:50:23.561661
svc_003,User Service,API Gateway,User Service,120.86,7299,84.91,422.0,0.0091,high,production,2026-03-03T22:57:23.561661
svc_015,Report Service,Analytics Service,Report Service,335.36,2740,13.62,1336.0,0.0255,low,production,2026-03-03T22:58:23.561661
svc_013,Cache Service,Catalog Service,Cache Service,510.26,3643,34.18,1538.0,0.0423,high,production,2026-03-03T23:15:23.561661
svc_003,User Service,Auth Service,User Service,497.93,6488,25.36,1044.0,0.0246,high,production,2026-03-03T23:43:23.561661
svc_002,Auth Service,API Gateway,Auth Service,88.71,4182,54.26,1040.0,0.0314,critical,production,2026-03-03T23:46:23.561661
svc_013,Cache Service,Search Service,Cache Service,199.22,3949,42.39,1595.0,0.0289,high,production,2026-03-03T23:51:23.561661
svc_005,Payment Service,Order Service,Payment Service,87.44,8220,38.76,1297.0,0.0397,critical,production,2026-03-04T00:03:23.561661
svc_007,Inventory Service,Order Service,Inventory Service,182.48,8028,71.13,1280.0,0.0167,high,production,2026-03-04T00:14:23.561661
svc_007,Inventory Service,Order Service,Inventory Service,90.58,3647,23.62,1130.0,0.045,high,production,2026-03-04T00:21:23.561661
svc_007,Inventory Service,Order Service,Inventory Service,348.68,7849,33.26,602.0,0.0486,high,production,2026-03-04T00:35:23.561661
svc_015,Report Service,Billing Service,Report Service,364.15,974,54.08,1388.0,0.0478,low,production,2026-03-04T00:42:23.561661
svc_016,Billing Service,Payment Service,Billing Service,130.02,2436,14.93,1874.0,0.033,high,production,2026-03-04T00:48:23.561661
svc_013,Cache Service,Search Service,Cache Service,310.2,5300,20.29,628.0,0.0214,high,production,2026-03-04T01:07:23.561661
svc_018,Session Service,Auth Service,Session Service,261.86,4798,10.7,145.0,0.0304,high,production,2026-03-04T01:37:23.561661
svc_006,Notification Service,Order Service,Notification Service,132.48,7405,64.7,315.0,0.0138,medium,production,2026-03-04T02:26:23.561661
svc_004,Order Service,API Gateway,Order Service,238.1,3099,47.54,1412.0,0.0353,critical,production,2026-03-04T02:40:23.561661
svc_015,Report Service,Analytics Service,Report Service,553.98,1800,25.84,1244.0,0.0063,low,production,2026-03-04T02:43:23.561661
svc_008,Catalog Service,Inventory Service,Catalog Service,346.9,5813,28.73,856.0,0.0462,high,production,2026-03-04T02:47:23.561661
svc_008,Catalog Service,Inventory Service,Catalog Service,319.28,6607,67.41,448.0,0.0479,high,production,2026-03-04T02:57:23.561661
svc_006,Notification Service,Order Service,Notification Service,28.54,10411,48.44,1991.0,0.033,medium,production,2026-03-04T03:01:23.561661
svc_010,Analytics Service,Order Service,Analytics Service,117.73,10029,40.42,1463.0,0.0225,low,production,2026-03-04T03:02:23.561661
svc_013,Cache Service,Search Service,Cache Service,512.15,3833,27.81,1046.0,0.0343,high,production,2026-03-04T03:18:23.561661
svc_014,Email Service,Notification Service,Email Service,173.8,117,32.41,583.0,0.0206,medium,production,2026-03-04T03:48:23.561661
svc_015,Report Service,Analytics Service,Report Service,110.25,2722,23.66,1587.0,0.007,low,production,2026-03-04T03:55:23.561661
svc_018,Session Service,Auth Service,Session Service,465.54,9008,19.98,185.0,0.0412,high,production,2026-03-04T04:13:23.561661
svc_010,Analytics Service,User Service,Analytics Service,326.55,1687,24.83,1682.0,0.046,low,production,2026-03-04T04:17:23.561661
svc_009,Search Service,API Gateway,Search Service,135.22,1778,62.28,1956.0,0.0226,medium,production,2026-03-04T05:13:23.561661
svc_002,Auth Service,API Gateway,Auth Service,44.32,4665,26.15,576.0,0.0118,critical,production,2026-03-04T05:26:23.561661
svc_012,Config Service,User Service,Config Service,194.53,6186,65.16,1775.0,0.0417,high,production,2026-03-04T05:38:23.561661
svc_012,Config Service,Order Service,Config Service,304.38,1101,29.72,1014.0,0.0214,high,production,2026-03-04T05:43:23.561661
svc_013,Cache Service,Catalog Service,Cache Service,437.57,2972,41.85,1418.0,0.0265,high,production,2026-03-04T05:58:23.561661
svc_015,Report Service,Billing Service,Report Service,101.18,3506,11.65,414.0,0.0158,low,production,2026-03-04T06:10:23.561661
svc_010,Analytics Service,User Service,Analytics Service,94.65,6937,28.89,1978.0,0.026,low,production,2026-03-04T06:35:23.561661
svc_013,Cache Service,Catalog Service,Cache Service,57.42,4764,28.16,988.0,0.0399,high,production,2026-03-04T06:49:23.561661
svc_003,User Service,API Gateway,User Service,270.9,10,72.82,1246.0,0.0221,high,production,2026-03-04T06:51:23.561661
svc_016,Billing Service,Payment Service,Billing Service,362.22,6471,67.86,210.0,0.0439,high,production,2026-03-04T06:54:23.561661
svc_015,Report Service,Analytics Service,Report Service,169.7,707,25.55,1719.0,0.0417,low,production,2026-03-04T07:03:23.561661
svc_003,User Service,API Gateway,User Service,426.74,2486,36.54,1280.0,0.0384,high,production,2026-03-04T07:19:23.561661
svc_014,Email Service,Notification Service,Email Service,135.65,6160,28.61,1897.0,0.0184,medium,production,2026-03-04T07:31:23.561661
svc_003,User Service,Auth Service,User Service,179.38,1361,43.18,372.0,0.0309,high,production,2026-03-04T07:35:23.561661
svc_011,Logging Service,API Gateway,Logging Service,314.77,2330,11.91,1688.0,0.0411,medium,production,2026-03-04T08:13:23.561661
svc_015,Report Service,Analytics Service,Report Service,223.32,2244,30.1,777.0,0.046,low,production,2026-03-04T09:13:23.561661
svc_013,Cache Service,Search Service,Cache Service,132.45,3110,47.07,625.0,0.0066,high,production,2026-03-04T09:13:23.561661
svc_013,Cache Service,Search Service,Cache Service,534.7,1786,23.98,1128.0,0.0202,high,production,2026-03-04T09:32:23.561661
svc_010,Analytics Service,Order Service,Analytics Service,353.87,1731,28.77,1143.0,0.0404,low,production,2026-03-04T09:41:23.561661
svc_017,Recommendation Service,Search Service,Recommendation Service,349.11,6620,45.94,1677.0,0.0353,medium,production,2026-03-04T10:26:23.561661
svc_003,User Service,API Gateway,User Service,208.66,6277,44.92,1023.0,0.0261,high,production,2026-03-04T10:33:23.561661
svc_010,Analytics Service,Order Service,Analytics Service,69.46,5512,15.25,2036.0,0.0307,low,production,2026-03-04T10:45:23.561661
svc_008,Catalog Service,Inventory Service,Catalog Service,89.31,921,24.66,1340.0,0.0168,high,production,2026-03-04T11:23:23.561661
svc_015,Report Service,Billing Service,Report Service,274.05,896,20.53,1996.0,0.0245,low,production,2026-03-04T11:28:23.561661
svc_009,Search Service,Catalog Service,Search Service,274.13,7970,48.52,1906.0,0.033,medium,production,2026-03-04T11:49:23.561661
svc_011,Logging Service,API Gateway,Logging Service,226.62,8660,30.66,897.0,0.0403,medium,production,2026-03-04T11:51:23.561661
svc_006,Notification Service,Order Service,Notification Service,66.83,3817,81.56,1406.0,0.0422,medium,production,2026-03-04T11:56:23.561661
svc_002,Auth Service,API Gateway,Auth Service,184.17,7771,71.86,658.0,0.035,critical,production,2026-03-04T12:06:23.561661
svc_017,Recommendation Service,Search Service,Recommendation Service,97.83,5156,28.17,1649.0,0.0043,medium,production,2026-03-04T12:11:23.561661
svc_012,Config Service,Order Service,Config Service,484.94,778,33.22,1048.0,0.0245,high,production,2026-03-04T12:20:23.561661
svc_013,Cache Service,Catalog Service,Cache Service,136.34,1613,41.07,133.0,0.0209,high,production,2026-03-04T12:25:23.561661
svc_007,Inventory Service,Order Service,Inventory Service,346.67,4473,72.93,958.0,0.0118,high,production,2026-03-04T12:31:23.561661
svc_003,User Service,Auth Service,User Service,328.22,1449,34.05,2002.0,0.0413,high,production,2026-03-04T13:18:23.561661
svc_018,Session Service,Auth Service,Session Service,138.19,4007,22.42,1687.0,0.0209,high,production,2026-03-04T13:41:23.561661
svc_006,Notification Service,Order Service,Notification Service,232.65,8333,14.04,1058.0,0.0128,medium,production,2026-03-04T14:06:23.561661
svc_012,Config Service,User Service,Config Service,43.72,2510,41.47,327.0,0.0262,high,production,2026-03-04T14:12:23.561661
svc_003,User Service,Auth Service,User Service,225.28,10,34.15,778.0,0.0151,high,production,2026-03-04T14:16:23.561661
svc_003,User Service,Auth Service,User Service,130.3,9619,25.99,1541.0,0.0031,high,production,2026-03-04T14:24:23.561661
svc_014,Email Service,Notification Service,Email Service,156.1,4476,8.53,647.0,0.0419,medium,production,2026-03-04T14:34:23.561661
svc_002,Auth Service,API Gateway,Auth Service,394.58,595,13.29,278.0,0.0065,critical,production,2026-03-04T14:42:23.561661
svc_006,Notification Service,Payment Service,Notification Service,476.64,9358,27.05,136.0,0.0497,medium,production,2026-03-04T14:45:23.561661
svc_002,Auth Service,API Gateway,Auth Service,183.71,10139,10.8,297.0,0.0159,critical,production,2026-03-04T14:54:23.561661
svc_017,Recommendation Service,Search Service,Recommendation Service,442.86,2994,34.44,1955.0,0.014,medium,production,2026-03-04T15:08:23.561661
svc_009,Search Service,Catalog Service,Search Service,445.71,459,65.32,1331.0,0.0101,medium,production,2026-03-04T15:21:23.561661
svc_010,Analytics Service,User Service,Analytics Service,116.35,5375,36.11,145.0,0.031,low,production,2026-03-04T15:36:23.561661
svc_010,Analytics Service,User Service,Analytics Service,241.43,4204,34.22,1731.0,0.0287,low,production,2026-03-04T15:37:23.561661
svc_013,Cache Service,Search Service,Cache Service,25.92,1156,6.97,129.0,0.0494,high,production,2026-03-04T15:57:23.561661
svc_009,Search Service,Catalog Service,Search Service,239.49,3769,50.57,132.0,0.0185,medium,production,2026-03-04T16:12:23.561661
svc_011,Logging Service,API Gateway,Logging Service,162.78,5364,47.83,904.0,0.0354,medium,production,2026-03-04T16:30:23.561661
svc_012,Config Service,Auth Service,Config Service,29.19,2055,81.98,1006.0,0.0265,high,production,2026-03-04T16:34:23.561661
svc_012,Config Service,Order Service,Config Service,340.37,6059,77.84,1013.0,0.0107,high,production,2026-03-04T16:44:23.561661
svc_015,Report Service,Billing Service,Report Service,177.03,6215,47.44,461.0,0.0324,low,production,2026-03-04T16:45:23.561661
svc_010,Analytics Service,User Service,Analytics Service,108.98,3246,29.39,1209.0,0.0245,low,production,2026-03-04T17:02:23.561661
svc_013,Cache Service,Search Service,Cache Service,461.56,10,42.29,364.0,0.0095,high,production,2026-03-04T17:16:23.561661
svc_016,Billing Service,Payment Service,Billing Service,118.43,8468,26.97,768.0,0.0193,high,production,2026-03-04T17:18:23.561661
svc_012,Config Service,Order Service,Config Service,49.48,5111,38.31,1045.0,0.0145,high,production,2026-03-04T17:21:23.561661
svc_011,Logging Service,API Gateway,Logging Service,388.96,8259,22.87,1137.0,0.0419,medium,production,2026-03-04T17:33:23.561661
svc_012,Config Service,Auth Service,Config Service,36.12,1238,13.72,1715.0,0.0048,high,production,2026-03-04T17:36:23.561661
svc_010,Analytics Service,Order Service,Analytics Service,72.23,9207,20.4,1542.0,0.0171,low,production,2026-03-04T17:38:23.561661
svc_003,User Service,API Gateway,User Service,369.29,961,13.53,1958.0,0.0135,high,production,2026-03-04T18:26:23.561661
svc_015,Report Service,Billing Service,Report Service,134.88,5022,25.16,883.0,0.0346,low,production,2026-03-04T18:29:23.561661
svc_008,Catalog Service,Inventory Service,Catalog Service,328.34,3205,9.8,1197.0,0.0353,high,production,2026-03-04T19:00:23.561661
svc_016,Billing Service,Payment Service,Billing Service,61.63,5516,47.22,2032.0,0.0492,high,production,2026-03-04T19:04:23.561661
svc_008,Catalog Service,Inventory Service,Catalog Service,326.09,3082,60.37,796.0,0.0441,high,production,2026-03-04T19:04:23.561661
svc_008,Catalog Service,Inventory Service,Catalog Service,37.6,7511,35.77,1105.0,0.0472,high,production,2026-03-04T19:12:23.561661
svc_003,User Service,Auth Service,User Service,115.34,3163,50.87,1931.0,0.0244,high,production,2026-03-04T19:17:23.561661
svc_010,Analytics Service,User Service,Analytics Service,210.54,3440,17.65,1138.0,0.0103,low,production,2026-03-04T20:03:23.561661
svc_005,Payment Service,Order Service,Payment Service,283.36,9859,37.47,1152.0,0.0472,critical,production,2026-03-04T20:03:23.561661
svc_015,Report Service,Billing Service,Report Service,67.6,1298,24.51,613.0,0.0212,low,production,2026-03-04T20:04:23.561661
svc_007,Inventory Service,Order Service,Inventory Service,230.91,7458,54.38,843.0,0.0327,high,production,2026-03-04T20:08:23.561661
svc_003,User Service,Auth Service,User Service,109.05,6209,40.21,752.0,0.0096,high,production,2026-03-04T20:08:23.561661
svc_015,Report Service,Billing Service,Report Service,271.97,746,45.57,1198.0,0.014,low,production,2026-03-04T20:23:23.561661
svc_007,Inventory Service,Order Service,Inventory Service,243.8,5584,71.61,1262.0,0.0174,high,production,2026-03-04T20:26:23.561661
svc_009,Search Service,Catalog Service,Search Service,59.93,4990,8.98,317.0,0.0493,medium,production,2026-03-04T21:15:23.561661
svc_012,Config Service,User Service,Config Service,348.37,7028,51.78,1609.0,0.0394,high,production,2026-03-04T21:22:23.561661
svc_015,Report Service,Analytics Service,Report Service,353.51,3547,16.64,350.0,0.0158,low,production,2026-03-04T21:38:23.561661
svc_013,Cache Service,Search Service,Cache Service,100.37,3635,39.76,1800.0,0.0343,high,production,2026-03-04T22:00:23.561661
svc_012,Config Service,Order Service,Config Service,154.6,5767,28.06,1422.0,0.04,high,production,2026-03-04T22:09:23.561661
svc_010,Analytics Service,Order Service,Analytics Service,434.67,6908,42.04,370.0,0.042,low,production,2026-03-04T22:15:23.561661
svc_008,Catalog Service,Inventory Service,Catalog Service,306.52,7653,14.82,1321.0,0.0457,high,production,2026-03-04T22:20:23.561661
svc_015,Report Service,Billing Service,Report Service,484.06,4682,11.08,807.0,0.0289,low,production,2026-03-04T22:53:23.561661
svc_012,Config Service,Auth Service,Config Service,186.38,2126,70.01,1240.0,0.0182,high,production,2026-03-04T23:03:23.561661
svc_009,Search Service,Catalog Service,Search Service,503.98,6756,58.78,472.0,0.0056,medium,production,2026-03-04T23:03:23.561661
svc_011,Logging Service,API Gateway,Logging Service,370.92,4493,38.02,1225.0,0.013,medium,production,2026-03-04T23:20:23.561661
svc_012,Config Service,User Service,Config Service,100.85,6997,36.27,1758.0,0.0267,high,production,2026-03-04T23:22:23.561661
svc_002,Auth Service,API Gateway,Auth Service,138.17,9862,31.38,983.0,0.0077,critical,production,2026-03-04T23:37:23.561661
svc_009,Search Service,API Gateway,Search Service,420.64,1528,79.65,443.0,0.017,medium,production,2026-03-04T23:42:23.561661
svc_010,Analytics Service,Order Service,Analytics Service,385.04,4346,40.73,1111.0,0.0475,low,production,2026-03-04T23:51:23.561661
svc_009,Search Service,Catalog Service,Search Service,60.84,5294,45.07,995.0,0.0064,medium,production,2026-03-04T23:52:23.561661
svc_009,Search Service,Catalog Service,Search Service,274.74,2583,28.06,894.0,0.0481,medium,production,2026-03-05T00:20:23.561661
svc_003,User Service,API Gateway,User Service,71.33,6895,36.48,331.0,0.0237,high,production,2026-03-05T00:30:23.561661
svc_015,Report Service,Billing Service,Report Service,436.78,382,28.78,1152.0,0.0208,low,production,2026-03-05T00:39:23.561661
svc_016,Billing Service,Payment Service,Billing Service,383.74,2939,16.82,1750.0,0.0358,high,production,2026-03-05T00:42:23.561661
svc_008,Catalog Service,Inventory Service,Catalog Service,185.39,539,9.89,1598.0,0.0372,high,production,2026-03-05T00:52:23.561661
svc_010,Analytics Service,User Service,Analytics Service,419.25,10,15.24,1215.0,0.0286,low,production,2026-03-05T01:12:23.561661
svc_003,User Service,API Gateway,User Service,496.82,10684,68.47,1325.0,0.0093,high,production,2026-03-05T01:15:23.561661
svc_006,Notification Service,Order Service,Notification Service,423.37,9472,81.86,1858.0,0.0068,medium,production,2026-03-05T01:23:23.561661
svc_012,Config Service,Order Service,Config Service,37.03,4381,71.52,1091.0,0.0245,high,production,2026-03-05T01:57:23.561661
svc_009,Search Service,Catalog Service,Search Service,187.79,2763,10.32,2012.0,0.0183,medium,production,2026-03-05T02:19:23.561661
svc_014,Email Service,Notification Service,Email Service,244.93,2707,35.73,1972.0,0.022,medium,production,2026-03-05T02:34:23.561661
svc_015,Report Service,Analytics Service,Report Service,504.98,2357,19.54,1829.0,0.0094,low,production,2026-03-05T02:41:23.561661
svc_016,Billing Service,Payment Service,Billing Service,480.34,7139,83.59,1983.0,0.0199,high,production,2026-03-05T02:47:23.561661
svc_013,Cache Service,Catalog Service,Cache Service,229.52,3737,23.1,1220.0,0.0364,high,production,2026-03-05T02:47:23.561661
svc_008,Catalog Service,Inventory Service,Catalog Service,440.34,3606,56.58,1618.0,0.0361,high,production,2026-03-05T02:52:23.561661
svc_013,Cache Service,Catalog Service,Cache Service,400.7,4089,64.6,709.0,0.0229,high,production,2026-03-05T03:17:23.561661
svc_015,Report Service,Billing Service,Report Service,43.53,2648,31.73,1115.0,0.0375,low,production,2026-03-05T03:24:23.561661
svc_009,Search Service,Catalog Service,Search Service,68.58,7548,61.58,460.0,0.0135,medium,production,2026-03-05T03:28:23.561661
svc_006,Notification Service,Order Service,Notification Service,147.0,4128,23.79,1439.0,0.0367,medium,production,2026-03-05T03:29:23.561661
svc_006,Notification Service,Order Service,Notification Service,59.41,6646,73.44,1829.0,0.0169,medium,production,2026-03-05T03:40:23.561661
svc_010,Analytics Service,User Service,Analytics Service,35.43,7058,41.45,261.0,0.021,low,production,2026-03-05T03:42:23.561661
svc_013,Cache Service,Catalog Service,Cache Service,92.65,6559,62.49,159.0,0.0259,high,production,2026-03-05T03:56:23.561661
svc_008,Catalog Service,Inventory Service,Catalog Service,94.3,6811,8.06,1501.0,0.0146,high,production,2026-03-05T03:56:23.561661
svc_018,Session Service,Auth Service,Session Service,223.22,6238,36.37,1320.0,0.0455,high,production,2026-03-05T04:01:23.561661
svc_012,Config Service,Order Service,Config Service,275.12,9001,21.08,995.0,0.0288,high,production,2026-03-05T04:30:23.561661
svc_018,Session Service,Auth Service,Session Service,207.76,7847,56.69,528.0,0.0226,high,production,2026-03-05T04:32:23.561661
svc_006,Notification Service,Payment Service,Notification Service,213.31,1330,21.24,1430.0,0.0317,medium,production,2026-03-05T05:02:23.561661
svc_005,Payment Service,Order Service,Payment Service,416.64,6364,30.1,1714.0,0.03,critical,production,2026-03-05T05:08:23.561661
svc_017,Recommendation Service,Search Service,Recommendation Service,150.36,6073,12.77,1444.0,0.0264,medium,production,2026-03-05T05:11:23.561661
svc_015,Report Service,Analytics Service,Report Service,342.84,4557,33.64,402.0,0.0167,low,production,2026-03-05T05:13:23.561661
svc_013,Cache Service,Search Service,Cache Service,162.72,1558,21.2,1095.0,0.0302,high,production,2026-03-05T05:19:23.561661
svc_011,Logging Service,API Gateway,Logging Service,53.99,2160,28.13,1559.0,0.0156,medium,production,2026-03-05T05:27:23.561661
svc_011,Logging Service,API Gateway,Logging Service,437.07,5503,34.65,1080.0,0.0203,medium,production,2026-03-05T05:43:23.561661
svc_005,Payment Service,Order Service,Payment Service,47.69,4877,49.45,1966.0,0.0456,critical,production,2026-03-05T05:46:23.561661
svc_004,Order Service,API Gateway,Order Service,354.45,4052,16.88,2017.0,0.0423,critical,production,2026-03-05T05:47:23.561661
svc_002,Auth Service,API Gateway,Auth Service,266.27,613,14.4,910.0,0.0113,critical,production,2026-03-05T05:53:23.561661
svc_014,Email Service,Notification Service,Email Service,440.57,3919,27.35,875.0,0.0337,medium,production,2026-03-05T06:22:23.561661
svc_002,Auth Service,API Gateway,Auth Service,78.81,4933,68.62,1230.0,0.0431,critical,production,2026-03-05T06:31:23.561661
svc_010,Analytics Service,User Service,Analytics Service,62.86,2582,63.59,799.0,0.0274,low,production,2026-03-05T06:33:23.561661
svc_009,Search Service,Catalog Service,Search Service,427.98,3686,55.5,1122.0,0.0354,medium,production,2026-03-05T06:50:23.561661
svc_015,Report Service,Billing Service,Report Service,237.42,2343,40.56,341.0,0.0197,low,production,2026-03-05T06:52:23.561661
svc_002,Auth Service,API Gateway,Auth Service,221.4,2611,74.49,1174.0,0.0397,critical,production,2026-03-05T07:00:23.561661
svc_007,Inventory Service,Order Service,Inventory Service,230.62,1065,17.97,159.0,0.0088,high,production,2026-03-05T07:16:23.561661
svc_006,Notification Service,Payment Service,Notification Service,390.59,924,79.86,1945.0,0.0436,medium,production,2026-03-05T07:19:23.561661
svc_013,Cache Service,Search Service,Cache Service,337.29,3722,7.01,2033.0,0.018,high,production,2026-03-05T07:36:23.561661
svc_013,Cache Service,Search Service,Cache Service,435.41,4484,6.65,2011.0,0.0289,high,production,2026-03-05T07:38:23.561661
svc_012,Config Service,Auth Service,Config Service,444.09,6888,62.67,1881.0,0.0209,high,production,2026-03-05T07:41:23.561661
svc_003,User Service,API Gateway,User Service,233.36,1438,10.35,1344.0,0.04,high,production,2026-03-05T07:46:23.561661
svc_016,Billing Service,Payment Service,Billing Service,141.01,8426,43.76,827.0,0.0016,high,production,2026-03-05T07:47:23.561661
svc_014,Email Service,Notification Service,Email Service,422.48,3908,18.62,339.0,0.0046,medium,production,2026-03-05T07:50:23.561661
svc_016,Billing Service,Payment Service,Billing Service,397.14,1882,48.22,689.0,0.0462,high,production,2026-03-05T08:04:23.561661
svc_008,Catalog Service,Inventory Service,Catalog Service,203.04,8388,17.18,1511.0,0.0472,high,production,2026-03-05T08:07:23.561661
svc_011,Logging Service,API Gateway,Logging Service,58.03,10633,67.96,483.0,0.0452,medium,production,2026-03-05T08:07:23.561661
svc_004,Order Service,API Gateway,Order Service,111.87,3371,33.15,1481.0,0.0277,critical,production,2026-03-05T08:09:23.561661
svc_012,Config Service,Auth Service,Config Service,456.44,8895,13.67,229.0,0.0322,high,production,2026-03-05T08:18:23.561661
svc_010,Analytics Service,Order Service,Analytics Service,213.67,9082,18.27,277.0,0.005,low,production,2026-03-05T08:43:23.561661
svc_002,Auth Service,API Gateway,Auth Service,40.21,8309,32.74,130.0,0.0419,critical,production,2026-03-05T08:44:23.561661
svc_009,Search Service,Catalog Service,Search Service,183.66,3370,23.14,992.0,0.0266,medium,production,2026-03-05T08:50:23.561661
svc_018,Session Service,Auth Service,Session Service,133.75,5805,44.54,1412.0,0.007,high,production,2026-03-05T09:01:23.561661
svc_005,Payment Service,Order Service,Payment Service,52.34,5324,42.86,861.0,0.0323,critical,production,2026-03-05T09:18:23.561661
svc_004,Order Service,API Gateway,Order Service,167.47,5358,21.51,763.0,0.0414,critical,production,2026-03-05T09:21:23.561661
svc_006,Notification Service,Order Service,Notification Service,343.46,7697,43.9,1499.0,0.0118,medium,production,2026-03-05T09:25:23.561661
svc_003,User Service,API Gateway,User Service,105.0,4159,47.41,1159.0,0.0161,high,production,2026-03-05T09:32:23.561661
svc_015,Report Service,Analytics Service,Report Service,222.77,1287,26.33,1747.0,0.0331,low,production,2026-03-05T09:33:23.561661
svc_018,Session Service,Auth Service,Session Service,453.26,1702,25.5,797.0,0.021,high,production,2026-03-05T09:33:23.561661
svc_015,Report Service,Billing Service,Report Service,364.84,7360,54.71,681.0,0.0425,low,production,2026-03-05T09:33:23.561661
svc_005,Payment Service,Order Service,Payment Service,322.61,7449,10.84,1326.0,0.0272,critical,production,2026-03-05T09:48:23.561661
svc_010,Analytics Service,Order Service,Analytics Service,94.62,1602,50.43,1990.0,0.0045,low,production,2026-03-05T10:02:23.561661
svc_003,User Service,API Gateway,User Service,345.17,5441,61.01,407.0,0.0428,high,production,2026-03-05T10:02:23.561661
svc_009,Search Service,Catalog Service,Search Service,155.08,1200,54.94,496.0,0.0302,medium,production,2026-03-05T10:13:23.561661
svc_006,Notification Service,Order Service,Notification Service,45.9,6007,51.41,1141.0,0.0129,medium,production,2026-03-05T10:18:23.561661
svc_002,Auth Service,API Gateway,Auth Service,394.5,4561,12.95,419.0,0.0221,critical,production,2026-03-05T11:21:23.561661
svc_018,Session Service,Auth Service,Session Service,399.14,5016,55.92,1258.0,0.0245,high,production,2026-03-05T11:28:23.561661
svc_008,Catalog Service,Inventory Service,Catalog Service,85.78,7437,57.12,1912.0,0.0161,high,production,2026-03-05T11:48:23.561661
svc_012,Config Service,Order Service,Config Service,76.85,10,65.42,368.0,0.0359,high,production,2026-03-05T12:02:23.561661
svc_005,Payment Service,Order Service,Payment Service,386.93,662,44.76,1348.0,0.0345,critical,production,2026-03-05T12:08:23.561661
svc_002,Auth Service,API Gateway,Auth Service,50.19,3911,36.9,1070.0,0.0388,critical,production,2026-03-05T12:19:23.561661
svc_013,Cache Service,Catalog Service,Cache Service,511.49,419,49.43,916.0,0.0344,high,production,2026-03-05T12:33:23.561661
svc_012,Config Service,User Service,Config Service,25.15,3224,55.49,551.0,0.0474,high,production,2026-03-05T12:33:23.561661
svc_014,Email Service,Notification Service,Email Service,53.82,4385,33.8,1911.0,0.0103,medium,production,2026-03-05T12:49:23.561661
svc_005,Payment Service,Order Service,Payment Service,218.89,9097,77.23,1446.0,0.0287,critical,production,2026-03-05T12:51:23.561661
svc_016,Billing Service,Payment Service,Billing Service,340.2,1986,17.74,1168.0,0.0113,high,production,2026-03-05T12:55:23.561661
svc_015,Report Service,Billing Service,Report Service,328.84,4641,9.59,1118.0,0.0295,low,production,2026-03-05T12:56:23.561661
svc_008,Catalog Service,Inventory Service,Catalog Service,320.36,1775,35.61,416.0,0.0297,high,production,2026-03-05T13:07:23.561661
svc_011,Logging Service,API Gateway,Logging Service,262.13,8671,60.58,1766.0,0.0038,medium,production,2026-03-05T13:22:23.561661
svc_006,Notification Service,Payment Service,Notification Service,350.46,3740,21.73,1787.0,0.0435,medium,production,2026-03-05T13:34:23.561661
svc_006,Notification Service,Order Service,Notification Service,309.07,8543,76.55,487.0,0.0282,medium,production,2026-03-05T13:46:23.561661
svc_017,Recommendation Service,Search Service,Recommendation Service,112.05,1119,50.33,819.0,0.0389,medium,production,2026-03-05T13:52:23.561661
svc_012,Config Service,Order Service,Config Service,375.65,3083,26.0,481.0,0.0423,high,production,2026-03-05T13:58:23.561661
svc_009,Search Service,Catalog Service,Search Service,356.11,2782,41.8,980.0,0.0271,medium,production,2026-03-05T13:58:23.561661
svc_017,Recommendation Service,Search Service,Recommendation Service,381.89,2565,15.63,678.0,0.0209,medium,production,2026-03-05T14:07:23.561661
svc_018,Session Service,Auth Service,Session Service,139.44,6400,19.29,1430.0,0.0282,high,production,2026-03-05T14:22:23.561661
svc_010,Analytics Service,User Service,Analytics Service,482.07,1678,22.54,361.0,0.0419,low,production,2026-03-05T14:35:23.561661
svc_003,User Service,API Gateway,User Service,141.62,1372,62.11,1027.0,0.0374,high,production,2026-03-05T14:36:23.561661
svc_010,Analytics Service,User Service,Analytics Service,490.82,5857,19.59,670.0,0.0301,low,production,2026-03-05T14:47:23.561661
svc_013,Cache Service,Catalog Service,Cache Service,248.66,5424,31.39,1363.0,0.0315,high,production,2026-03-05T14:53:23.561661
svc_010,Analytics Service,Order Service,Analytics Service,415.64,8004,50.82,796.0,0.0411,low,production,2026-03-05T14:59:23.561661
svc_018,Session Service,Auth Service,Session Service,235.93,9473,78.25,1104.0,0.0312,high,production,2026-03-05T15:24:23.561661
svc_004,Order Service,API Gateway,Order Service,431.43,108,15.42,900.0,0.015,critical,production,2026-03-05T15:30:23.561661
svc_012,Config Service,Auth Service,Config Service,268.1,9159,66.65,1522.0,0.0488,high,production,2026-03-05T15:30:23.561661
svc_011,Logging Service,API Gateway,Logging Service,195.07,4534,79.45,1878.0,0.0491,medium,production,2026-03-05T15:30:23.561661
svc_012,Config Service,Auth Service,Config Service,84.14,7557,19.64,238.0,0.0491,high,production,2026-03-05T15:49:23.561661
svc_012,Config Service,Auth Service,Config Service,419.7,5124,62.93,415.0,0.0292,high,production,2026-03-05T16:10:23.561661
svc_013,Cache Service,Search Service,Cache Service,528.97,1376,19.5,947.0,0.0293,high,production,2026-03-05T16:11:23.561661
svc_002,Auth Service,API Gateway,Auth Service,264.43,8333,57.93,665.0,0.0286,critical,production,2026-03-05T16:15:23.561661
svc_002,Auth Service,API Gateway,Auth Service,389.88,1185,51.78,1088.0,0.015,critical,production,2026-03-05T16:29:23.561661
svc_012,Config Service,User Service,Config Service,92.84,77,27.2,332.0,0.0086,high,production,2026-03-05T16:40:23.561661
svc_017,Recommendation Service,Search Service,Recommendation Service,487.95,2327,47.74,1807.0,0.0074,medium,production,2026-03-05T16:43:23.561661
svc_009,Search Service,Catalog Service,Search Service,320.8,7999,53.79,384.0,0.0215,medium,production,2026-03-05T17:01:23.561661
svc_012,Config Service,User Service,Config Service,289.52,1885,35.22,864.0,0.0142,high,production,2026-03-05T17:02:23.561661
svc_007,Inventory Service,Order Service,Inventory Service,161.32,2144,16.02,1075.0,0.0431,high,production,2026-03-05T17:11:23.561661
svc_011,Logging Service,API Gateway,Logging Service,369.61,8545,12.58,425.0,0.0073,medium,production,2026-03-05T17:31:23.561661
svc_010,Analytics Service,Order Service,Analytics Service,76.87,679,54.8,459.0,0.0268,low,production,2026-03-05T17:33:23.561661
svc_004,Order Service,API Gateway,Order Service,422.11,774,70.88,1395.0,0.0451,critical,production,2026-03-05T17:51:23.561661
svc_007,Inventory Service,Order Service,Inventory Service,171.04,3679,54.36,2038.0,0.0488,high,production,2026-03-05T18:08:23.561661
svc_012,Config Service,User Service,Config Service,401.81,4541,57.27,762.0,0.0241,high,production,2026-03-05T18:11:23.561661
svc_005,Payment Service,Order Service,Payment Service,347.8,5442,79.41,1984.0,0.037,critical,production,2026-03-05T18:12:23.561661
svc_013,Cache Service,Search Service,Cache Service,374.24,1269,48.92,307.0,0.0171,high,production,2026-03-05T18:17:23.561661
svc_006,Notification Service,Order Service,Notification Service,391.7,7745,65.27,1903.0,0.042,medium,production,2026-03-05T18:17:23.561661
svc_016,Billing Service,Payment Service,Billing Service,388.46,1180,82.82,1107.0,0.015,high,production,2026-03-05T18:44:23.561661
svc_013,Cache Service,Catalog Service,Cache Service,95.11,7655,40.72,1701.0,0.0458,high,production,2026-03-05T18:50:23.561661
svc_012,Config Service,User Service,Config Service,299.61,3303,48.03,541.0,0.0096,high,production,2026-03-05T18:58:23.561661
svc_006,Notification Service,Payment Service,Notification Service,76.82,4655,37.49,1549.0,0.0462,medium,production,2026-03-05T19:07:23.561661
svc_013,Cache Service,Search Service,Cache Service,209.34,2287,8.46,1368.0,0.0441,high,production,2026-03-05T19:14:23.561661
svc_015,Report Service,Billing Service,Report Service,459.31,7316,40.83,325.0,0.0313,low,production,2026-03-05T19:21:23.561661
svc_006,Notification Service,Order Service,Notification Service,66.3,5082,18.22,1134.0,0.0246,medium,production,2026-03-05T19:45:23.561661
svc_015,Report Service,Analytics Service,Report Service,279.96,3605,33.5,983.0,0.0137,low,production,2026-03-05T20:16:23.561661
svc_016,Billing Service,Payment Service,Billing Service,184.26,2013,11.9,1146.0,0.0082,high,production,2026-03-05T20:31:23.561661
svc_006,Notification Service,Order Service,Notification Service,221.71,8064,79.61,998.0,0.0028,medium,production,2026-03-05T20:35:23.561661
svc_003,User Service,Auth Service,User Service,361.11,7204,67.89,1883.0,0.0305,high,production,2026-03-05T20:38:23.561661
svc_006,Notification Service,Order Service,Notification Service,327.62,1815,82.21,1603.0,0.0156,medium,production,2026-03-05T20:42:23.561661
svc_004,Order Service,API Gateway,Order Service,254.28,7721,37.69,1823.0,0.0377,critical,production,2026-03-05T20:51:23.561661
svc_015,Report Service,Analytics Service,Report Service,344.49,3183,9.99,1445.0,0.0342,low,production,2026-03-05T20:54:23.561661
svc_009,Search Service,Catalog Service,Search Service,473.5,8143,36.92,694.0,0.0436,medium,production,2026-03-05T21:08:23.561661
svc_005,Payment Service,Order Service,Payment Service,266.34,4105,83.99,1451.0,0.025,critical,production,2026-03-05T21:16:23.561661
svc_007,Inventory Service,Order Service,Inventory Service,367.71,1097,83.07,1376.0,0.0058,high,production,2026-03-05T21:18:23.561661
svc_017,Recommendation Service,Search Service,Recommendation Service,173.82,2091,13.92,217.0,0.0401,medium,production,2026-03-05T21:22:23.561661
svc_012,Config Service,User Service,Config Service,437.2,3507,20.6,1098.0,0.0142,high,production,2026-03-05T22:14:23.561661
svc_016,Billing Service,Payment Service,Billing Service,149.81,8162,63.4,1456.0,0.033,high,production,2026-03-05T22:18:23.561661
svc_006,Notification Service,Order Service,Notification Service,196.41,3152,32.95,339.0,0.0075,medium,production,2026-03-05T22:23:23.561661
svc_002,Auth Service,API Gateway,Auth Service,449.77,8440,21.71,1277.0,0.0086,critical,production,2026-03-05T22:39:23.561661
svc_006,Notification Service,Payment Service,Notification Service,188.76,6427,69.38,684.0,0.0282,medium,production,2026-03-05T22:45:23.561661
svc_012,Config Service,User Service,Config Service,187.47,1601,22.71,525.0,0.0065,high,production,2026-03-05T22:48:23.561661
svc_007,Inventory Service,Order Service,Inventory Service,311.27,5258,79.7,330.0,0.0037,high,production,2026-03-05T22:49:23.561661
svc_012,Config Service,Order Service,Config Service,137.91,2686,68.54,1353.0,0.0305,high,production,2026-03-05T22:53:23.561661
svc_012,Config Service,Order Service,Config Service,375.57,3078,56.01,1188.0,0.0108,high,production,2026-03-05T22:54:23.561661
svc_008,Catalog Service,Inventory Service,Catalog Service,21.2,5710,53.18,323.0,0.0489,high,production,2026-03-05T22:56:23.561661
svc_002,Auth Service,API Gateway,Auth Service,443.11,5755,60.09,313.0,0.0146,critical,production,2026-03-05T23:00:23.561661
svc_002,Auth Service,API Gateway,Auth Service,216.51,3135,63.01,1937.0,0.0451,critical,production,2026-03-05T23:00:23.561661
svc_010,Analytics Service,User Service,Analytics Service,63.3,2547,38.81,965.0,0.033,low,production,2026-03-05T23:07:23.561661
svc_012,Config Service,User Service,Config Service,391.13,5231,35.25,514.0,0.0355,high,production,2026-03-05T23:19:23.561661
svc_003,User Service,Auth Service,User Service,37.08,1733,49.49,334.0,0.0319,high,production,2026-03-05T23:31:23.561661
svc_006,Notification Service,Payment Service,Notification Service,444.54,4950,11.31,1303.0,0.0407,medium,production,2026-03-05T23:37:23.561661
svc_015,Report Service,Analytics Service,Report Service,117.25,1476,17.72,491.0,0.0497,low,production,2026-03-05T23:39:23.561661
svc_017,Recommendation Service,Search Service,Recommendation Service,34.94,4792,12.56,1826.0,0.0459,medium,production,2026-03-05T23:40:23.561661
svc_006,Notification Service,Order Service,Notification Service,378.11,4654,64.26,2004.0,0.0413,medium,production,2026-03-05T23:48:23.561661
svc_013,Cache Service,Search Service,Cache Service,257.39,6169,23.63,942.0,0.0404,high,production,2026-03-05T23:58:23.561661
svc_010,Analytics Service,Order Service,Analytics Service,135.59,7736,70.58,539.0,0.008,low,production,2026-03-06T00:07:23.561661
svc_013,Cache Service,Search Service,Cache Service,478.41,1048,32.08,330.0,0.0281,high,production,2026-03-06T00:17:23.561661
svc_011,Logging Service,API Gateway,Logging Service,83.63,4824,54.35,1928.0,0.0367,medium,production,2026-03-06T00:45:23.561661
svc_003,User Service,Auth Service,User Service,302.33,3624,84.33,1951.0,0.0034,high,production,2026-03-06T00:56:23.561661
svc_016,Billing Service,Payment Service,Billing Service,343.91,2005,67.14,1875.0,0.0191,high,production,2026-03-06T01:05:23.561661
svc_010,Analytics Service,User Service,Analytics Service,115.34,2336,55.22,1829.0,0.0054,low,production,2026-03-06T01:26:23.561661
svc_006,Notification Service,Order Service,Notification Service,309.94,7101,41.43,1619.0,0.0394,medium,production,2026-03-06T01:27:23.561661
svc_009,Search Service,Catalog Service,Search Service,269.06,5857,43.94,1166.0,0.0481,medium,production,2026-03-06T01:36:23.561661
svc_006,Notification Service,Order Service,Notification Service,478.95,1331,64.03,1350.0,0.0031,medium,production,2026-03-06T01:38:23.561661
svc_018,Session Service,Auth Service,Session Service,390.33,2545,14.19,982.0,0.0226,high,production,2026-03-06T01:56:23.561661
svc_005,Payment Service,Order Service,Payment Service,253.64,2548,83.24,937.0,0.0481,critical,production,2026-03-06T02:50:23.561661
svc_005,Payment Service,Order Service,Payment Service,195.37,8020,21.03,1868.0,0.0431,critical,production,2026-03-06T02:58:23.561661
svc_006,Notification Service,Order Service,Notification Service,267.6,5618,21.15,1252.0,0.0449,medium,production,2026-03-06T02:58:23.561661
svc_003,User Service,Auth Service,User Service,360.68,3718,13.94,135.0,0.0453,high,production,2026-03-06T03:03:23.561661
svc_013,Cache Service,Search Service,Cache Service,534.13,4737,15.26,641.0,0.0481,high,production,2026-03-06T03:26:23.561661
svc_003,User Service,Auth Service,User Service,294.72,6086,13.9,942.0,0.0337,high,production,2026-03-06T03:39:23.561661
svc_015,Report Service,Analytics Service,Report Service,43.21,1930,5.68,1988.0,0.0397,low,production,2026-03-06T03:57:23.561661
svc_009,Search Service,API Gateway,Search Service,188.85,8610,64.88,1075.0,0.0107,medium,production,2026-03-06T04:02:23.561661
svc_014,Email Service,Notification Service,Email Service,308.94,2696,14.02,784.0,0.006,medium,production,2026-03-06T04:08:23.561661
svc_008,Catalog Service,Inventory Service,Catalog Service,305.97,4541,67.38,531.0,0.0352,high,production,2026-03-06T04:34:23.561661
svc_008,Catalog Service,Inventory Service,Catalog Service,67.96,7255,58.25,1004.0,0.0265,high,production,2026-03-06T04:42:23.561661
svc_005,Payment Service,Order Service,Payment Service,116.97,469,40.26,246.0,0.0486,critical,production,2026-03-06T04:47:23.561661
svc_003,User Service,API Gateway,User Service,228.4,827,17.92,1978.0,0.0328,high,production,2026-03-06T04:52:23.561661
svc_006,Notification Service,Payment Service,Notification Service,203.28,6542,34.1,388.0,0.0268,medium,production,2026-03-06T04:57:23.561661
svc_014,Email Service,Notification Service,Email Service,273.0,6140,49.58,1809.0,0.0057,medium,production,2026-03-06T05:00:23.561661
svc_013,Cache Service,Catalog Service,Cache Service,444.57,4502,60.56,1765.0,0.0387,high,production,2026-03-06T05:02:23.561661
svc_006,Notification Service,Order Service,Notification Service,172.17,1430,76.53,1516.0,0.0082,medium,production,2026-03-06T05:13:23.561661
svc_018,Session Service,Auth Service,Session Service,43.59,9638,23.39,1688.0,0.0412,high,production,2026-03-06T05:23:23.561661
svc_012,Config Service,User Service,Config Service,303.95,1405,25.72,1277.0,0.0461,high,production,2026-03-06T06:05:23.561661
svc_008,Catalog Service,Inventory Service,Catalog Service,55.45,1763,53.57,1431.0,0.0379,high,production,2026-03-06T06:11:23.561661
svc_006,Notification Service,Order Service,Notification Service,140.38,3710,82.66,314.0,0.0025,medium,production,2026-03-06T06:15:23.561661
svc_010,Analytics Service,Order Service,Analytics Service,64.43,4290,41.6,1418.0,0.0192,low,production,2026-03-06T06:39:23.561661
svc_009,Search Service,API Gateway,Search Service,164.4,2858,26.12,798.0,0.0174,medium,production,2026-03-06T06:50:23.561661
svc_012,Config Service,Auth Service,Config Service,375.8,7862,20.81,1372.0,0.0093,high,production,2026-03-06T06:54:23.561661
svc_003,User Service,Auth Service,User Service,25.19,2506,13.73,1412.0,0.0492,high,production,2026-03-06T07:22:23.561661
svc_013,Cache Service,Catalog Service,Cache Service,59.37,1453,63.46,1491.0,0.0182,high,production,2026-03-06T07:23:23.561661
svc_012,Config Service,Order Service,Config Service,29.57,3818,35.71,1272.0,0.0038,high,production,2026-03-06T07:40:23.561661
svc_015,Report Service,Billing Service,Report Service,457.93,2953,25.78,451.0,0.0403,low,production,2026-03-06T08:06:23.561661
svc_012,Config Service,User Service,Config Service,411.54,2237,8.08,1183.0,0.0081,high,production,2026-03-06T08:06:23.561661
svc_005,Payment Service,Order Service,Payment Service,87.6,9151,54.01,606.0,0.0214,critical,production,2026-03-06T08:07:23.561661
svc_006,Notification Service,Payment Service,Notification Service,469.9,1921,83.76,1397.0,0.0316,medium,production,2026-03-06T08:10:23.561661
svc_008,Catalog Service,Inventory Service,Catalog Service,466.54,10,18.87,1919.0,0.0273,high,production,2026-03-06T08:11:23.561661
svc_012,Config Service,Auth Service,Config Service,63.76,3992,15.64,449.0,0.0142,high,production,2026-03-06T08:18:23.561661
svc_006,Notification Service,Payment Service,Notification Service,227.69,2339,12.79,1767.0,0.0457,medium,production,2026-03-06T08:27:23.561661
svc_007,Inventory Service,Order Service,Inventory Service,113.3,7567,57.56,1249.0,0.0378,high,production,2026-03-06T08:27:23.561661
svc_015,Report Service,Analytics Service,Report Service,196.82,1294,5.88,1799.0,0.0164,low,production,2026-03-06T08:39:23.561661
svc_012,Config Service,Order Service,Config Service,425.84,3514,70.26,818.0,0.013,high,production,2026-03-06T08:54:23.561661
svc_008,Catalog Service,Inventory Service,Catalog Service,439.3,174,8.99,723.0,0.0228,high,production,2026-03-06T08:57:23.561661
svc_003,User Service,Auth Service,User Service,475.7,3222,64.26,1962.0,0.0401,high,production,2026-03-06T08:59:23.561661
svc_015,Report Service,Billing Service,Report Service,150.39,3336,54.07,752.0,0.0321,low,production,2026-03-06T09:13:23.561661
svc_017,Recommendation Service,Search Service,Recommendation Service,236.83,819,34.68,1775.0,0.0207,medium,production,2026-03-06T09:14:23.561661
svc_014,Email Service,Notification Service,Email Service,361.8,5980,21.36,1277.0,0.0163,medium,production,2026-03-06T09:25:23.561661
svc_015,Report Service,Analytics Service,Report Service,507.63,996,23.0,1361.0,0.0083,low,production,2026-03-06T09:25:23.561661
svc_013,Cache Service,Search Service,Cache Service,169.77,3656,36.36,339.0,0.0014,high,production,2026-03-06T09:31:23.561661
svc_015,Report Service,Analytics Service,Report Service,418.77,1855,10.89,1113.0,0.0166,low,production,2026-03-06T09:37:23.561661
svc_002,Auth Service,API Gateway,Auth Service,334.36,7046,77.74,911.0,0.0198,critical,production,2026-03-06T10:10:23.561661
svc_006,Notification Service,Payment Service,Notification Service,133.38,5996,72.86,605.0,0.0097,medium,production,2026-03-06T10:10:23.561661
svc_010,Analytics Service,Order Service,Analytics Service,238.99,9259,41.69,664.0,0.0165,low,production,2026-03-06T10:16:23.561661
svc_015,Report Service,Analytics Service,Report Service,316.5,1575,13.82,1457.0,0.0358,low,production,2026-03-06T10:18:23.561661
svc_004,Order Service,API Gateway,Order Service,284.84,5794,66.7,830.0,0.0316,critical,production,2026-03-06T10:19:23.561661
svc_018,Session Service,Auth Service,Session Service,424.0,6877,25.75,1258.0,0.0452,high,production,2026-03-06T10:37:23.561661
svc_013,Cache Service,Catalog Service,Cache Service,216.25,3756,11.64,1937.0,0.0076,high,production,2026-03-06T10:49:23.561661
svc_015,Report Service,Analytics Service,Report Service,216.21,10,29.74,179.0,0.0486,low,production,2026-03-06T11:00:23.561661
svc_011,Logging Service,API Gateway,Logging Service,227.25,8786,72.98,1017.0,0.0221,medium,production,2026-03-06T11:09:23.561661
svc_013,Cache Service,Search Service,Cache Service,70.59,1710,20.55,328.0,0.0435,high,production,2026-03-06T11:13:23.561661
svc_013,Cache Service,Catalog Service,Cache Service,78.25,5612,40.63,1803.0,0.0117,high,production,2026-03-06T11:14:23.561661
svc_014,Email Service,Notification Service,Email Service,522.61,5649,26.83,514.0,0.0073,medium,production,2026-03-06T11:16:23.561661
svc_013,Cache Service,Catalog Service,Cache Service,156.66,4744,13.35,1871.0,0.0406,high,production,2026-03-06T11:31:23.561661
svc_013,Cache Service,Catalog Service,Cache Service,174.4,927,26.4,859.0,0.0209,high,production,2026-03-06T11:34:23.561661
svc_010,Analytics Service,User Service,Analytics Service,154.13,1388,39.96,981.0,0.0011,low,production,2026-03-06T11:42:23.561661
svc_009,Search Service,Catalog Service,Search Service,378.8,6091,16.72,516.0,0.0405,medium,production,2026-03-06T11:53:23.561661
svc_016,Billing Service,Payment Service,Billing Service,174.19,766,74.06,204.0,0.035,high,production,2026-03-06T12:00:23.561661
svc_007,Inventory Service,Order Service,Inventory Service,260.46,2661,24.1,1887.0,0.0166,high,production,2026-03-06T12:05:23.561661
svc_003,User Service,Auth Service,User Service,433.77,2234,68.12,1688.0,0.0244,high,production,2026-03-06T12:24:23.561661
svc_004,Order Service,API Gateway,Order Service,276.74,7764,56.14,1140.0,0.0389,critical,production,2026-03-06T12:26:23.561661
svc_003,User Service,API Gateway,User Service,294.62,3134,33.45,957.0,0.0127,high,production,2026-03-06T12:27:23.561661
svc_003,User Service,API Gateway,User Service,129.15,1129,69.06,427.0,0.0224,high,production,2026-03-06T12:30:23.561661
svc_006,Notification Service,Payment Service,Notification Service,109.18,5660,40.98,175.0,0.0231,medium,production,2026-03-06T12:31:23.561661
svc_011,Logging Service,API Gateway,Logging Service,382.67,3910,38.06,746.0,0.0401,medium,production,2026-03-06T12:58:23.561661
svc_010,Analytics Service,Order Service,Analytics Service,105.98,1098,37.82,356.0,0.0105,low,production,2026-03-06T13:03:23.561661
svc_012,Config Service,Order Service,Config Service,135.58,2730,72.34,2009.0,0.0245,high,production,2026-03-06T13:16:23.561661
svc_017,Recommendation Service,Search Service,Recommendation Service,413.41,3413,9.94,588.0,0.0443,medium,production,2026-03-06T13:34:23.561661
svc_004,Order Service,API Gateway,Order Service,35.06,6856,52.29,1943.0,0.0441,critical,production,2026-03-06T13:34:23.561661
svc_004,Order Service,API Gateway,Order Service,109.92,2204,79.26,1120.0,0.0454,critical,production,2026-03-06T14:01:23.561661
svc_003,User Service,Auth Service,User Service,69.3,1424,81.02,1104.0,0.0464,high,production,2026-03-06T14:02:23.561661
svc_012,Config Service,Order Service,Config Service,81.29,3324,26.0,1308.0,0.0313,high,production,2026-03-06T14:06:23.561661
svc_006,Notification Service,Payment Service,Notification Service,69.81,9321,82.5,489.0,0.0114,medium,production,2026-03-06T14:16:23.561661
svc_010,Analytics Service,Order Service,Analytics Service,444.92,2141,56.8,884.0,0.0334,low,production,2026-03-06T14:43:23.561661
svc_012,Config Service,Order Service,Config Service,304.13,1778,67.28,1537.0,0.0086,high,production,2026-03-06T14:47:23.561661
svc_016,Billing Service,Payment Service,Billing Service,433.6,8199,71.48,1928.0,0.0494,high,production,2026-03-06T14:48:23.561661
svc_004,Order Service,API Gateway,Order Service,46.09,2554,25.07,356.0,0.0243,critical,production,2026-03-06T14:58:23.561661
svc_011,Logging Service,API Gateway,Logging Service,174.33,3945,69.12,1526.0,0.047,medium,production,2026-03-06T14:59:23.561661
svc_018,Session Service,Auth Service,Session Service,264.39,5002,27.62,546.0,0.0352,high,production,2026-03-06T15:19:23.561661
svc_005,Payment Service,Order Service,Payment Service,170.9,6187,61.12,421.0,0.032,critical,production,2026-03-06T15:19:23.561661
svc_012,Config Service,Auth Service,Config Service,234.11,8186,74.4,423.0,0.0174,high,production,2026-03-06T15:22:23.561661
svc_007,Inventory Service,Order Service,Inventory Service,476.25,2192,71.57,1326.0,0.0288,high,production,2026-03-06T15:53:23.561661
svc_010,Analytics Service,User Service,Analytics Service,383.68,2994,45.25,655.0,0.0311,low,production,2026-03-06T15:56:23.561661
svc_007,Inventory Service,Order Service,Inventory Service,51.17,143,18.07,1357.0,0.0365,high,production,2026-03-06T16:09:23.561661
svc_018,Session Service,Auth Service,Session Service,179.15,1651,82.6,1003.0,0.0383,high,production,2026-03-06T16:18:23.561661
svc_007,Inventory Service,Order Service,Inventory Service,359.68,3173,11.09,665.0,0.0075,high,production,2026-03-06T16:24:23.561661
svc_012,Config Service,User Service,Config Service,414.76,684,9.88,1417.0,0.0286,high,production,2026-03-06T16:32:23.561661
svc_002,Auth Service,API Gateway,Auth Service,173.13,3965,62.85,303.0,0.0346,critical,production,2026-03-06T16:46:23.561661
svc_012,Config Service,Auth Service,Config Service,470.71,6303,54.58,1181.0,0.0019,high,production,2026-03-06T16:59:23.561661
svc_012,Config Service,Auth Service,Config Service,368.82,4138,41.07,512.0,0.0197,high,production,2026-03-06T17:03:23.561661
svc_008,Catalog Service,Inventory Service,Catalog Service,95.15,8270,52.1,1780.0,0.0157,high,production,2026-03-06T17:04:23.561661
svc_012,Config Service,User Service,Config Service,154.89,4567,66.08,849.0,0.0173,high,production,2026-03-06T17:05:23.561661
svc_012,Config Service,User Service,Config Service,175.43,2407,16.56,1150.0,0.0172,high,production,2026-03-06T17:11:23.561661
svc_015,Report Service,Analytics Service,Report Service,526.85,1898,14.78,635.0,0.0461,low,production,2026-03-06T17:17:23.561661
svc_010,Analytics Service,User Service,Analytics Service,257.63,4331,42.8,1718.0,0.0458,low,production,2026-03-06T17:37:23.561661
svc_007,Inventory Service,Order Service,Inventory Service,311.79,6531,32.15,870.0,0.038,high,production,2026-03-06T17:42:23.561661
svc_005,Payment Service,Order Service,Payment Service,139.51,3482,77.64,2040.0,0.0452,critical,production,2026-03-06T17:49:23.561661
svc_009,Search Service,API Gateway,Search Service,313.77,1714,71.31,1171.0,0.0292,medium,production,2026-03-06T17:58:23.561661
svc_008,Catalog Service,Inventory Service,Catalog Service,200.01,6553,15.34,944.0,0.0414,high,production,2026-03-06T18:07:23.561661
svc_017,Recommendation Service,Search Service,Recommendation Service,229.87,3986,28.13,1836.0,0.0259,medium,production,2026-03-06T18:07:23.561661
svc_008,Catalog Service,Inventory Service,Catalog Service,518.27,7951,66.06,1838.0,0.0282,high,production,2026-03-06T18:48:23.561661
svc_009,Search Service,API Gateway,Search Service,64.05,9157,47.65,1433.0,0.0334,medium,production,2026-03-06T18:50:23.561661
svc_007,Inventory Service,Order Service,Inventory Service,432.85,9556,17.79,1457.0,0.0112,high,production,2026-03-06T18:54:23.561661
svc_015,Report Service,Analytics Service,Report Service,338.33,1948,10.05,937.0,0.0067,low,production,2026-03-06T19:06:23.561661
svc_006,Notification Service,Payment Service,Notification Service,25.36,9002,35.09,1405.0,0.0287,medium,production,2026-03-06T19:11:23.561661
svc_010,Analytics Service,User Service,Analytics Service,476.74,2222,28.81,366.0,0.0305,low,production,2026-03-06T19:11:23.561661
svc_016,Billing Service,Payment Service,Billing Service,364.73,7685,36.92,1133.0,0.0455,high,production,2026-03-06T19:25:23.561661
svc_011,Logging Service,API Gateway,Logging Service,208.99,7636,17.21,403.0,0.0301,medium,production,2026-03-06T19:27:23.561661
svc_006,Notification Service,Payment Service,Notification Service,434.47,1831,77.13,1067.0,0.0298,medium,production,2026-03-06T19:30:23.561661
svc_007,Inventory Service,Order Service,Inventory Service,404.01,7312,25.62,191.0,0.0052,high,production,2026-03-06T19:56:23.561661
svc_011,Logging Service,API Gateway,Logging Service,86.96,8141,29.95,1694.0,0.0138,medium,production,2026-03-06T19:58:23.561661
svc_018,Session Service,Auth Service,Session Service,455.56,322,21.28,851.0,0.0311,high,production,2026-03-06T20:00:23.561661
svc_004,Order Service,API Gateway,Order Service,236.18,4169,55.18,528.0,0.014,critical,production,2026-03-06T20:07:23.561661
svc_015,Report Service,Billing Service,Report Service,63.84,1324,18.07,549.0,0.0165,low,production,2026-03-06T20:18:23.561661
svc_008,Catalog Service,Inventory Service,Catalog Service,337.17,461,53.32,1042.0,0.0366,high,production,2026-03-06T20:24:23.561661
svc_009,Search Service,Catalog Service,Search Service,161.29,5133,23.68,1267.0,0.0329,medium,production,2026-03-06T20:31:23.561661
svc_003,User Service,API Gateway,User Service,124.33,5293,69.29,849.0,0.0446,high,production,2026-03-06T20:50:23.561661
svc_009,Search Service,API Gateway,Search Service,148.76,7880,34.8,1150.0,0.0336,medium,production,2026-03-06T20:57:23.561661
svc_017,Recommendation Service,Search Service,Recommendation Service,193.09,2283,9.05,631.0,0.0183,medium,production,2026-03-06T21:04:23.561661
svc_006,Notification Service,Payment Service,Notification Service,336.07,3705,51.71,455.0,0.005,medium,production,2026-03-06T21:04:23.561661
svc_013,Cache Service,Catalog Service,Cache Service,62.95,7781,46.32,1409.0,0.0062,high,production,2026-03-06T21:13:23.561661
svc_003,User Service,API Gateway,User Service,400.91,6717,65.31,528.0,0.0044,high,production,2026-03-06T21:21:23.561661
svc_011,Logging Service,API Gateway,Logging Service,326.57,564,84.54,1801.0,0.0428,medium,production,2026-03-06T21:29:23.561661
svc_007,Inventory Service,Order Service,Inventory Service,361.45,1179,32.85,236.0,0.0129,high,production,2026-03-06T22:13:23.561661
svc_010,Analytics Service,Order Service,Analytics Service,443.26,10633,43.06,154.0,0.0128,low,production,2026-03-06T22:32:23.561661
svc_005,Payment Service,Order Service,Payment Service,31.73,3685,18.99,736.0,0.0293,critical,production,2026-03-06T22:36:23.561661
svc_010,Analytics Service,Order Service,Analytics Service,76.18,6602,20.54,711.0,0.0195,low,production,2026-03-06T22:38:23.561661
svc_017,Recommendation Service,Search Service,Recommendation Service,295.42,3220,27.42,1147.0,0.0449,medium,production,2026-03-06T22:42:23.561661
svc_010,Analytics Service,Order Service,Analytics Service,454.83,533,21.63,1263.0,0.0481,low,production,2026-03-06T22:51:23.561661
svc_017,Recommendation Service,Search Service,Recommendation Service,463.77,2242,32.32,1963.0,0.0015,medium,production,2026-03-06T22:58:23.561661
svc_003,User Service,Auth Service,User Service,320.57,582,79.68,1207.0,0.0292,high,production,2026-03-06T23:15:23.561661
svc_005,Payment Service,Order Service,Payment Service,327.5,2856,59.09,1000.0,0.0299,critical,production,2026-03-06T23:18:23.561661
svc_006,Notification Service,Payment Service,Notification Service,241.53,6319,31.06,1411.0,0.0082,medium,production,2026-03-06T23:27:23.561661
svc_005,Payment Service,Order Service,Payment Service,36.85,8453,72.61,870.0,0.0295,critical,production,2026-03-06T23:32:23.561661
svc_006,Notification Service,Order Service,Notification Service,251.57,7278,28.38,522.0,0.0412,medium,production,2026-03-06T23:45:23.561661
svc_012,Config Service,Auth Service,Config Service,289.8,75,46.01,1778.0,0.0201,high,production,2026-03-07T00:09:23.561661
svc_004,Order Service,API Gateway,Order Service,437.16,7735,30.65,1860.0,0.0075,critical,production,2026-03-07T00:10:23.561661
svc_009,Search Service,Catalog Service,Search Service,148.18,1496,67.83,935.0,0.0161,medium,production,2026-03-07T00:11:23.561661
svc_005,Payment Service,Order Service,Payment Service,470.74,2357,81.07,357.0,0.0402,critical,production,2026-03-07T00:23:23.561661
svc_018,Session Service,Auth Service,Session Service,72.58,6959,64.89,411.0,0.0299,high,production,2026-03-07T00:26:23.561661
svc_015,Report Service,Billing Service,Report Service,257.0,5069,57.14,885.0,0.0075,low,production,2026-03-07T00:37:23.561661
svc_004,Order Service,API Gateway,Order Service,140.72,9146,52.81,664.0,0.0397,critical,production,2026-03-07T00:38:23.561661
svc_015,Report Service,Analytics Service,Report Service,383.23,1606,13.27,359.0,0.0242,low,production,2026-03-07T00:41:23.561661
svc_018,Session Service,Auth Service,Session Service,271.69,1399,46.97,1631.0,0.0491,high,production,2026-03-07T00:47:23.561661
svc_002,Auth Service,API Gateway,Auth Service,465.69,4898,52.91,651.0,0.0328,critical,production,2026-03-07T01:02:23.561661
svc_003,User Service,API Gateway,User Service,486.5,6941,51.51,1028.0,0.042,high,production,2026-03-07T01:05:23.561661
svc_012,Config Service,User Service,Config Service,105.3,3851,9.03,1463.0,0.0107,high,production,2026-03-07T01:21:23.561661
svc_009,Search Service,API Gateway,Search Service,166.95,2707,36.38,504.0,0.0107,medium,production,2026-03-07T01:53:23.561661
svc_002,Auth Service,API Gateway,Auth Service,348.69,3174,27.68,1996.0,0.0328,critical,production,2026-03-07T02:11:23.561661
svc_003,User Service,Auth Service,User Service,427.97,10393,22.66,1116.0,0.0158,high,production,2026-03-07T02:20:23.561661
svc_012,Config Service,User Service,Config Service,367.08,3722,36.45,963.0,0.0356,high,production,2026-03-07T02:34:23.561661
svc_010,Analytics Service,Order Service,Analytics Service,166.28,716,68.06,553.0,0.0119,low,production,2026-03-07T02:39:23.561661
svc_006,Notification Service,Order Service,Notification Service,237.59,2543,49.34,182.0,0.0411,medium,production,2026-03-07T02:43:23.561661
svc_005,Payment Service,Order Service,Payment Service,105.34,8607,43.5,2009.0,0.0415,critical,production,2026-03-07T02:43:23.561661
svc_004,Order Service,API Gateway,Order Service,468.19,6630,78.05,279.0,0.0316,critical,production,2026-03-07T02:46:23.561661
svc_003,User Service,API Gateway,User Service,165.69,3672,34.2,1138.0,0.0317,high,production,2026-03-07T02:50:23.561661
svc_006,Notification Service,Payment Service,Notification Service,317.25,10041,75.94,202.0,0.0075,medium,production,2026-03-07T02:51:23.561661
svc_012,Config Service,User Service,Config Service,349.14,2429,51.03,1046.0,0.0251,high,production,2026-03-07T02:58:23.561661
svc_003,User Service,Auth Service,User Service,83.61,836,48.23,1269.0,0.0152,high,production,2026-03-07T03:04:23.561661
svc_018,Session Service,Auth Service,Session Service,211.16,2769,36.84,1424.0,0.0065,high,production,2026-03-07T03:14:23.561661
svc_010,Analytics Service,User Service,Analytics Service,447.35,5647,8.81,436.0,0.0196,low,production,2026-03-07T03:31:23.561661
svc_012,Config Service,Order Service,Config Service,27.05,3160,84.78,1485.0,0.0495,high,production,2026-03-07T03:43:23.561661
svc_012,Config Service,Auth Service,Config Service,429.49,2630,34.92,259.0,0.0286,high,production,2026-03-07T03:50:23.561661
svc_010,Analytics Service,Order Service,Analytics Service,42.64,9301,74.69,1543.0,0.0143,low,production,2026-03-07T04:10:23.561661
svc_017,Recommendation Service,Search Service,Recommendation Service,101.43,158,10.8,1052.0,0.0414,medium,production,2026-03-07T04:24:23.561661
svc_013,Cache Service,Catalog Service,Cache Service,491.53,4728,63.89,1868.0,0.028,high,production,2026-03-07T04:45:23.561661
svc_012,Config Service,Order Service,Config Service,153.62,9322,40.9,654.0,0.0209,high,production,2026-03-07T04:46:23.561661
svc_006,Notification Service,Payment Service,Notification Service,90.99,6466,40.8,1824.0,0.0237,medium,production,2026-03-07T05:05:23.561661
svc_013,Cache Service,Search Service,Cache Service,520.4,1882,12.07,1720.0,0.0218,high,production,2026-03-07T05:05:23.561661
svc_009,Search Service,API Gateway,Search Service,434.58,6240,75.32,465.0,0.0098,medium,production,2026-03-07T05:05:23.561661
svc_014,Email Service,Notification Service,Email Service,524.14,10,11.57,1312.0,0.0171,medium,production,2026-03-07T05:11:23.561661
svc_016,Billing Service,Payment Service,Billing Service,151.03,567,57.45,1566.0,0.0225,high,production,2026-03-07T05:14:23.561661
svc_009,Search Service,Catalog Service,Search Service,394.96,3778,47.6,1123.0,0.0301,medium,production,2026-03-07T05:36:23.561661
svc_016,Billing Service,Payment Service,Billing Service,166.0,8582,33.71,873.0,0.026,high,production,2026-03-07T06:15:23.561661
svc_018,Session Service,Auth Service,Session Service,381.63,6711,71.75,1435.0,0.0384,high,production,2026-03-07T06:25:23.561661
svc_003,User Service,Auth Service,User Service,81.45,5405,59.85,2040.0,0.0145,high,production,2026-03-07T06:26:23.561661
svc_013,Cache Service,Search Service,Cache Service,467.4,3918,12.18,973.0,0.0322,high,production,2026-03-07T06:40:23.561661
svc_010,Analytics Service,Order Service,Analytics Service,436.29,967,41.18,774.0,0.0186,low,production,2026-03-07T06:48:23.561661
svc_008,Catalog Service,Inventory Service,Catalog Service,34.22,3076,68.0,921.0,0.0165,high,production,2026-03-07T07:05:23.561661
svc_012,Config Service,User Service,Config Service,359.42,5692,17.58,1595.0,0.0478,high,production,2026-03-07T07:05:23.561661
svc_012,Config Service,Auth Service,Config Service,432.24,3254,36.84,794.0,0.0146,high,production,2026-03-07T07:10:23.561661
svc_017,Recommendation Service,Search Service,Recommendation Service,257.54,4754,37.49,1768.0,0.0213,medium,production,2026-03-07T07:12:23.561661
svc_009,Search Service,API Gateway,Search Service,96.18,4038,70.68,134.0,0.0259,medium,production,2026-03-07T07:22:23.561661
svc_013,Cache Service,Search Service,Cache Service,439.69,1187,49.7,513.0,0.0022,high,production,2026-03-07T07:22:23.561661
svc_012,Config Service,Order Service,Config Service,432.79,6469,16.27,173.0,0.0047,high,production,2026-03-07T07:43:23.561661
svc_009,Search Service,API Gateway,Search Service,480.93,2772,29.88,442.0,0.0161,medium,production,2026-03-07T08:03:23.561661
svc_012,Config Service,Order Service,Config Service,190.39,5888,79.75,1232.0,0.0174,high,production,2026-03-07T08:09:23.561661
svc_014,Email Service,Notification Service,Email Service,168.17,3092,40.09,1014.0,0.0169,medium,production,2026-03-07T08:19:23.561661
svc_009,Search Service,Catalog Service,Search Service,49.26,3256,20.65,295.0,0.0056,medium,production,2026-03-07T08:31:23.561661
svc_009,Search Service,Catalog Service,Search Service,425.85,4978,41.03,295.0,0.0134,medium,production,2026-03-07T08:32:23.561661
svc_006,Notification Service,Payment Service,Notification Service,459.65,9373,15.98,1913.0,0.0457,medium,production,2026-03-07T08:38:23.561661
svc_006,Notification Service,Payment Service,Notification Service,472.21,3633,49.38,1372.0,0.0078,medium,production,2026-03-07T08:44:23.561661
svc_016,Billing Service,Payment Service,Billing Service,378.88,8719,69.68,158.0,0.0214,high,production,2026-03-07T08:45:23.561661
svc_015,Report Service,Analytics Service,Report Service,307.7,269,13.79,214.0,0.0121,low,production,2026-03-07T08:45:23.561661
svc_005,Payment Service,Order Service,Payment Service,253.06,10289,25.76,147.0,0.0027,critical,production,2026-03-07T08:59:23.561661
svc_010,Analytics Service,Order Service,Analytics Service,382.65,2976,51.47,2012.0,0.022,low,production,2026-03-07T09:02:23.561661
svc_018,Session Service,Auth Service,Session Service,141.15,5403,61.64,307.0,0.0213,high,production,2026-03-07T09:32:23.561661
svc_009,Search Service,API Gateway,Search Service,491.35,4284,15.49,1718.0,0.0237,medium,production,2026-03-07T09:35:23.561661
svc_010,Analytics Service,User Service,Analytics Service,325.9,1243,30.86,951.0,0.0096,low,production,2026-03-07T09:44:23.561661
svc_012,Config Service,User Service,Config Service,328.6,6592,30.25,1008.0,0.0475,high,production,2026-03-07T09:47:23.561661
svc_004,Order Service,API Gateway,Order Service,258.16,8229,78.77,1414.0,0.0486,critical,production,2026-03-07T09:52:23.561661
svc_003,User Service,API Gateway,User Service,169.44,2361,61.09,824.0,0.0066,high,production,2026-03-07T10:06:23.561661
svc_009,Search Service,Catalog Service,Search Service,419.85,6372,66.12,1312.0,0.0238,medium,production,2026-03-07T10:25:23.561661
svc_010,Analytics Service,User Service,Analytics Service,102.92,5344,58.54,556.0,0.0201,low,production,2026-03-07T10:29:23.561661
svc_008,Catalog Service,Inventory Service,Catalog Service,96.24,4299,31.12,599.0,0.0144,high,production,2026-03-07T10:30:23.561661
svc_016,Billing Service,Payment Service,Billing Service,22.34,2210,22.33,1973.0,0.0162,high,production,2026-03-07T10:35:23.561661
svc_009,Search Service,Catalog Service,Search Service,519.32,1347,19.37,1665.0,0.0434,medium,production,2026-03-07T11:04:23.561661
svc_014,Email Service,Notification Service,Email Service,246.19,818,12.45,451.0,0.0114,medium,production,2026-03-07T11:08:23.561661
svc_010,Analytics Service,Order Service,Analytics Service,343.78,8554,18.49,801.0,0.0349,low,production,2026-03-07T11:31:23.561661
svc_012,Config Service,Auth Service,Config Service,27.43,6937,25.41,682.0,0.0029,high,production,2026-03-07T11:37:23.561661
svc_009,Search Service,API Gateway,Search Service,332.12,6542,55.36,661.0,0.033,medium,production,2026-03-07T11:41:23.561661
svc_013,Cache Service,Catalog Service,Cache Service,358.07,5398,27.82,577.0,0.0451,high,production,2026-03-07T11:47:23.561661
svc_003,User Service,API Gateway,User Service,28.3,4036,43.45,729.0,0.0036,high,production,2026-03-07T11:56:23.561661
svc_005,Payment Service,Order Service,Payment Service,230.68,794,63.99,1508.0,0.0246,critical,production,2026-03-07T12:18:23.561661
svc_004,Order Service,API Gateway,Order Service,195.61,5776,35.34,1845.0,0.0474,critical,production,2026-03-07T12:20:23.561661
svc_004,Order Service,API Gateway,Order Service,64.6,9061,33.29,592.0,0.0288,critical,production,2026-03-07T12:25:23.561661
svc_003,User Service,Auth Service,User Service,218.46,5799,81.34,1724.0,0.0016,high,production,2026-03-07T12:27:23.561661
svc_012,Config Service,Order Service,Config Service,351.67,1299,34.17,1101.0,0.0164,high,production,2026-03-07T12:34:23.561661
svc_013,Cache Service,Catalog Service,Cache Service,161.11,2348,38.91,286.0,0.0428,high,production,2026-03-07T12:49:23.561661
svc_012,Config Service,User Service,Config Service,58.07,1622,57.08,1572.0,0.0126,high,production,2026-03-07T12:50:23.561661
svc_014,Email Service,Notification Service,Email Service,215.04,2848,50.53,2039.0,0.0352,medium,production,2026-03-07T12:53:23.561661
svc_009,Search Service,Catalog Service,Search Service,140.93,5083,30.99,1601.0,0.0466,medium,production,2026-03-07T13:13:23.561661
svc_009,Search Service,API Gateway,Search Service,89.38,2648,75.34,766.0,0.0237,medium,production,2026-03-07T13:19:23.561661
svc_013,Cache Service,Search Service,Cache Service,249.54,1558,27.75,1912.0,0.0228,high,production,2026-03-07T13:48:23.561661
svc_010,Analytics Service,Order Service,Analytics Service,423.32,2008,65.25,1568.0,0.0336,low,production,2026-03-07T13:54:23.561661
svc_015,Report Service,Analytics Service,Report Service,256.64,2738,15.39,139.0,0.02,low,production,2026-03-07T14:05:23.561661
svc_005,Payment Service,Order Service,Payment Service,428.7,7442,38.07,1873.0,0.02,critical,production,2026-03-07T14:11:23.561661
svc_010,Analytics Service,User Service,Analytics Service,513.21,1810,14.9,2047.0,0.011,low,production,2026-03-07T14:12:23.561661
svc_008,Catalog Service,Inventory Service,Catalog Service,112.72,309,22.47,170.0,0.0477,high,production,2026-03-07T14:12:23.561661
svc_015,Report Service,Billing Service,Report Service,433.46,3628,28.82,309.0,0.0121,low,production,2026-03-07T14:19:23.561661
svc_012,Config Service,Order Service,Config Service,220.76,7725,14.43,395.0,0.0224,high,production,2026-03-07T14:26:23.561661
svc_012,Config Service,Auth Service,Config Service,330.43,6935,24.81,726.0,0.0192,high,production,2026-03-07T14:40:23.561661
svc_006,Notification Service,Order Service,Notification Service,435.2,1934,20.13,1673.0,0.0469,medium,production,2026-03-07T14:59:23.561661
svc_018,Session Service,Auth Service,Session Service,154.63,8905,59.36,1702.0,0.0499,high,production,2026-03-07T15:12:23.561661
svc_012,Config Service,Order Service,Config Service,455.21,4378,60.54,1653.0,0.0271,high,production,2026-03-07T15:30:23.561661
svc_017,Recommendation Service,Search Service,Recommendation Service,109.37,2408,43.77,1420.0,0.0367,medium,production,2026-03-07T15:33:23.561661
svc_008,Catalog Service,Inventory Service,Catalog Service,217.01,3179,17.86,1253.0,0.0133,high,production,2026-03-07T15:43:23.561661
svc_016,Billing Service,Payment Service,Billing Service,449.96,7303,56.99,1396.0,0.0171,high,production,2026-03-07T16:03:23.561661
svc_009,Search Service,Catalog Service,Search Service,278.14,3161,59.11,2002.0,0.0091,medium,production,2026-03-07T16:19:23.561661
svc_017,Recommendation Service,Search Service,Recommendation Service,89.67,2989,28.54,1686.0,0.0269,medium,production,2026-03-07T16:21:23.561661
svc_010,Analytics Service,Order Service,Analytics Service,99.76,37,40.62,1533.0,0.0279,low,production,2026-03-07T16:31:23.561661
svc_016,Billing Service,Payment Service,Billing Service,204.15,660,10.02,331.0,0.0405,high,production,2026-03-07T16:44:23.561661
svc_009,Search Service,Catalog Service,Search Service,27.49,6077,22.43,1535.0,0.041,medium,production,2026-03-07T17:13:23.561661
svc_003,User Service,API Gateway,User Service,116.74,8369,42.04,1331.0,0.0064,high,production,2026-03-07T17:15:23.561661
svc_012,Config Service,Auth Service,Config Service,205.43,7666,21.61,206.0,0.0236,high,production,2026-03-07T17:45:23.561661
svc_009,Search Service,Catalog Service,Search Service,224.02,796,55.42,511.0,0.0183,medium,production,2026-03-07T17:48:23.561661
svc_016,Billing Service,Payment Service,Billing Service,301.22,8238,67.05,455.0,0.0047,high,production,2026-03-07T17:48:23.561661
svc_006,Notification Service,Order Service,Notification Service,345.89,5920,32.34,1172.0,0.0345,medium,production,2026-03-07T17:49:23.561661
svc_013,Cache Service,Catalog Service,Cache Service,320.45,5276,15.93,1749.0,0.0275,high,production,2026-03-07T18:02:23.561661
svc_004,Order Service,API Gateway,Order Service,477.24,7186,19.61,2020.0,0.0419,critical,production,2026-03-07T19:08:23.561661
svc_013,Cache Service,Search Service,Cache Service,230.7,5928,24.93,1914.0,0.012,high,production,2026-03-07T19:23:23.561661
svc_002,Auth Service,API Gateway,Auth Service,301.7,4134,44.03,1589.0,0.0219,critical,production,2026-03-07T19:46:23.561661
svc_006,Notification Service,Order Service,Notification Service,309.34,4979,44.45,1798.0,0.0325,medium,production,2026-03-07T19:54:23.561661
svc_009,Search Service,API Gateway,Search Service,469.19,7390,49.95,1314.0,0.0217,medium,production,2026-03-07T20:20:23.561661
svc_012,Config Service,Auth Service,Config Service,38.27,477,40.32,1809.0,0.0095,high,production,2026-03-07T20:25:23.561661
svc_015,Report Service,Analytics Service,Report Service,228.33,2817,20.56,890.0,0.0041,low,production,2026-03-07T20:33:23.561661
svc_015,Report Service,Analytics Service,Report Service,353.48,679,24.47,1677.0,0.0166,low,production,2026-03-07T20:36:23.561661
svc_018,Session Service,Auth Service,Session Service,385.16,10,80.8,1549.0,0.0017,high,production,2026-03-07T20:55:23.561661
svc_003,User Service,API Gateway,User Service,130.72,9914,73.13,1916.0,0.0414,high,production,2026-03-07T20:59:23.561661
svc_015,Report Service,Analytics Service,Report Service,255.11,2666,19.24,1645.0,0.0382,low,production,2026-03-07T21:03:23.561661
svc_011,Logging Service,API Gateway,Logging Service,331.6,2739,11.81,325.0,0.0233,medium,production,2026-03-07T21:29:23.561661
svc_012,Config Service,User Service,Config Service,275.3,6352,35.64,1755.0,0.0325,high,production,2026-03-07T21:38:23.561661
svc_002,Auth Service,API Gateway,Auth Service,168.82,3453,32.66,612.0,0.017,critical,production,2026-03-07T21:49:23.561661
svc_015,Report Service,Billing Service,Report Service,200.31,5675,15.47,172.0,0.0038,low,production,2026-03-07T21:57:23.561661
svc_009,Search Service,Catalog Service,Search Service,261.8,4961,12.3,1635.0,0.0203,medium,production,2026-03-07T22:03:23.561661
svc_008,Catalog Service,Inventory Service,Catalog Service,489.89,2589,58.31,211.0,0.0449,high,production,2026-03-07T22:17:23.561661
svc_014,Email Service,Notification Service,Email Service,235.01,4232,35.24,193.0,0.0205,medium,production,2026-03-07T22:19:23.561661
svc_007,Inventory Service,Order Service,Inventory Service,278.38,2827,20.68,1825.0,0.0109,high,production,2026-03-07T22:43:23.561661
svc_009,Search Service,API Gateway,Search Service,56.83,5549,74.1,1865.0,0.0203,medium,production,2026-03-07T22:45:23.561661
svc_012,Config Service,User Service,Config Service,502.0,3526,36.66,172.0,0.0285,high,production,2026-03-07T22:49:23.561661
svc_002,Auth Service,API Gateway,Auth Service,449.4,6671,11.51,1326.0,0.0455,critical,production,2026-03-07T23:28:23.561661
svc_013,Cache Service,Catalog Service,Cache Service,307.49,8074,9.31,553.0,0.0236,high,production,2026-03-07T23:31:23.561661
svc_009,Search Service,Catalog Service,Search Service,513.95,1307,60.2,1268.0,0.027,medium,production,2026-03-07T23:49:23.561661
svc_006,Notification Service,Payment Service,Notification Service,327.03,2350,50.99,1237.0,0.0156,medium,production,2026-03-07T23:50:23.561661
svc_009,Search Service,API Gateway,Search Service,136.89,4375,59.92,777.0,0.0161,medium,production,2026-03-07T23:57:23.561661
svc_013,Cache Service,Search Service,Cache Service,218.58,4425,44.36,487.0,0.0469,high,production,2026-03-07T23:58:23.561661
svc_003,User Service,API Gateway,User Service,448.31,7480,73.67,1103.0,0.0033,high,production,2026-03-08T00:06:23.561661
svc_006,Notification Service,Payment Service,Notification Service,147.6,9792,60.9,1584.0,0.0213,medium,production,2026-03-08T00:20:23.561661
svc_006,Notification Service,Order Service,Notification Service,254.16,8959,52.77,482.0,0.0191,medium,production,2026-03-08T00:30:23.561661
svc_018,Session Service,Auth Service,Session Service,223.93,9542,57.89,310.0,0.0105,high,production,2026-03-08T00:31:23.561661
svc_004,Order Service,API Gateway,Order Service,276.36,1575,82.69,239.0,0.0264,critical,production,2026-03-08T00:44:23.561661
svc_011,Logging Service,API Gateway,Logging Service,469.83,2287,35.36,1739.0,0.0313,medium,production,2026-03-08T00:52:23.561661
svc_012,Config Service,Order Service,Config Service,188.6,7570,14.76,982.0,0.0309,high,production,2026-03-08T00:53:23.561661
svc_003,User Service,API Gateway,User Service,365.53,8346,14.63,1477.0,0.0176,high,production,2026-03-08T00:54:23.561661
svc_005,Payment Service,Order Service,Payment Service,226.53,8366,73.12,1865.0,0.0074,critical,production,2026-03-08T00:56:23.561661
svc_004,Order Service,API Gateway,Order Service,154.94,2331,74.22,1868.0,0.017,critical,production,2026-03-08T01:06:23.561661
svc_018,Session Service,Auth Service,Session Service,24.45,5540,70.22,1012.0,0.0228,high,production,2026-03-08T01:16:23.561661
svc_015,Report Service,Analytics Service,Report Service,47.27,3261,4.44,261.0,0.0223,low,production,2026-03-08T01:22:23.561661
svc_015,Report Service,Billing Service,Report Service,121.75,10,20.6,1781.0,0.01,low,production,2026-03-08T01:57:23.561661
svc_008,Catalog Service,Inventory Service,Catalog Service,304.59,3420,45.13,783.0,0.0314,high,production,2026-03-08T02:10:23.561661
svc_012,Config Service,Auth Service,Config Service,411.35,4324,75.99,1643.0,0.033,high,production,2026-03-08T02:33:23.561661
svc_011,Logging Service,API Gateway,Logging Service,75.9,2689,54.1,1869.0,0.0356,medium,production,2026-03-08T02:37:23.561661
svc_015,Report Service,Analytics Service,Report Service,282.56,720,18.83,1042.0,0.0382,low,production,2026-03-08T02:41:23.561661
svc_004,Order Service,API Gateway,Order Service,219.16,3766,40.45,1961.0,0.0472,critical,production,2026-03-08T02:44:23.561661
svc_015,Report Service,Billing Service,Report Service,39.27,5663,66.72,917.0,0.0271,low,production,2026-03-08T03:06:23.561661
svc_010,Analytics Service,Order Service,Analytics Service,258.74,5524,57.76,518.0,0.0447,low,production,2026-03-08T03:20:23.561661
svc_011,Logging Service,API Gateway,Logging Service,325.16,3476,44.22,1466.0,0.0223,medium,production,2026-03-08T03:29:23.561661
svc_009,Search Service,API Gateway,Search Service,125.53,5866,48.59,1631.0,0.0485,medium,production,2026-03-08T03:43:23.561661
svc_007,Inventory Service,Order Service,Inventory Service,233.53,3130,58.64,673.0,0.0309,high,production,2026-03-08T03:46:23.561661
svc_002,Auth Service,API Gateway,Auth Service,395.05,572,64.38,1318.0,0.0495,critical,production,2026-03-08T03:47:23.561661
svc_012,Config Service,Order Service,Config Service,128.64,2930,49.13,429.0,0.0434,high,production,2026-03-08T03:56:23.561661
svc_017,Recommendation Service,Search Service,Recommendation Service,53.28,4105,6.56,762.0,0.0385,medium,production,2026-03-08T04:10:23.561661
svc_015,Report Service,Analytics Service,Report Service,34.84,4382,29.99,887.0,0.0046,low,production,2026-03-08T04:27:23.561661
svc_002,Auth Service,API Gateway,Auth Service,146.34,2390,61.8,318.0,0.0127,critical,production,2026-03-08T04:33:23.561661
svc_017,Recommendation Service,Search Service,Recommendation Service,279.69,5779,19.82,571.0,0.0058,medium,production,2026-03-08T04:34:23.561661
svc_009,Search Service,Catalog Service,Search Service,337.26,2837,16.92,608.0,0.0474,medium,production,2026-03-08T04:47:23.561661
svc_013,Cache Service,Search Service,Cache Service,164.23,2377,42.71,1664.0,0.0133,high,production,2026-03-08T04:55:23.561661
svc_003,User Service,API Gateway,User Service,317.64,6520,62.44,272.0,0.0097,high,production,2026-03-08T05:00:23.561661
svc_002,Auth Service,API Gateway,Auth Service,418.56,8625,38.93,1931.0,0.0172,critical,production,2026-03-08T05:26:23.561661
svc_006,Notification Service,Order Service,Notification Service,322.25,4158,55.53,1653.0,0.0319,medium,production,2026-03-08T05:27:23.561661
svc_013,Cache Service,Catalog Service,Cache Service,234.01,7624,18.95,1159.0,0.04,high,production,2026-03-08T05:30:23.561661
svc_013,Cache Service,Search Service,Cache Service,454.52,290,6.56,1940.0,0.0317,high,production,2026-03-08T05:37:23.561661
svc_006,Notification Service,Order Service,Notification Service,37.0,3523,46.28,134.0,0.0454,medium,production,2026-03-08T05:48:23.561661
svc_003,User Service,API Gateway,User Service,87.6,7182,16.05,496.0,0.044,high,production,2026-03-08T05:57:23.561661
svc_018,Session Service,Auth Service,Session Service,414.48,3001,43.82,1270.0,0.0435,high,production,2026-03-08T06:58:23.561661
svc_007,Inventory Service,Order Service,Inventory Service,460.8,6642,26.44,958.0,0.0381,high,production,2026-03-08T07:09:23.561661
svc_017,Recommendation Service,Search Service,Recommendation Service,312.45,1343,31.74,1677.0,0.0494,medium,production,2026-03-08T07:14:23.561661
svc_006,Notification Service,Order Service,Notification Service,67.99,6893,75.52,762.0,0.0347,medium,production,2026-03-08T07:19:23.561661
svc_012,Config Service,Order Service,Config Service,447.78,1184,78.5,143.0,0.0339,high,production,2026-03-08T07:30:23.561661
svc_011,Logging Service,API Gateway,Logging Service,153.21,7627,62.49,1746.0,0.038,medium,production,2026-03-08T07:44:23.561661
svc_011,Logging Service,API Gateway,Logging Service,29.53,1904,79.85,1567.0,0.005,medium,production,2026-03-08T07:46:23.561661
svc_018,Session Service,Auth Service,Session Service,76.14,9814,29.56,266.0,0.025,high,production,2026-03-08T08:00:23.561661
svc_008,Catalog Service,Inventory Service,Catalog Service,261.02,3912,32.01,246.0,0.003,high,production,2026-03-08T08:19:23.561661
svc_018,Session Service,Auth Service,Session Service,270.8,4459,60.63,1814.0,0.0325,high,production,2026-03-08T08:23:23.561661
svc_012,Config Service,Auth Service,Config Service,424.08,10,48.11,194.0,0.0063,high,production,2026-03-08T08:28:23.561661
svc_004,Order Service,API Gateway,Order Service,164.83,6355,46.31,629.0,0.0074,critical,production,2026-03-08T08:28:23.561661
svc_006,Notification Service,Order Service,Notification Service,337.42,10306,33.44,167.0,0.0095,medium,production,2026-03-08T08:36:23.561661
svc_005,Payment Service,Order Service,Payment Service,163.58,75,37.69,1133.0,0.017,critical,production,2026-03-08T08:38:23.561661
svc_005,Payment Service,Order Service,Payment Service,474.4,5957,36.05,327.0,0.0245,critical,production,2026-03-08T08:38:23.561661
svc_008,Catalog Service,Inventory Service,Catalog Service,435.98,6669,34.62,492.0,0.0142,high,production,2026-03-08T08:41:23.561661
svc_007,Inventory Service,Order Service,Inventory Service,257.02,4880,72.64,1225.0,0.0315,high,production,2026-03-08T08:41:23.561661
svc_012,Config Service,Order Service,Config Service,425.98,1752,62.86,1207.0,0.007,high,production,2026-03-08T08:57:23.561661
svc_009,Search Service,Catalog Service,Search Service,440.85,2631,53.46,210.0,0.0059,medium,production,2026-03-08T09:33:23.561661
svc_012,Config Service,User Service,Config Service,346.34,7536,38.07,2021.0,0.0409,high,production,2026-03-08T09:42:23.561661
svc_004,Order Service,API Gateway,Order Service,74.01,9691,39.25,516.0,0.0196,critical,production,2026-03-08T09:55:23.561661
svc_012,Config Service,Auth Service,Config Service,290.77,5341,69.05,373.0,0.0321,high,production,2026-03-08T10:19:23.561661
svc_002,Auth Service,API Gateway,Auth Service,44.1,8727,13.99,687.0,0.0384,critical,production,2026-03-08T10:32:23.561661
svc_012,Config Service,Order Service,Config Service,377.5,4006,60.95,1505.0,0.0096,high,production,2026-03-08T10:58:23.561661
svc_010,Analytics Service,User Service,Analytics Service,396.07,5052,13.99,1148.0,0.0329,low,production,2026-03-08T11:02:23.561661
svc_013,Cache Service,Search Service,Cache Service,248.33,735,47.37,1755.0,0.0023,high,production,2026-03-08T11:05:23.561661
svc_012,Config Service,Order Service,Config Service,53.86,10069,37.77,1592.0,0.0464,high,production,2026-03-08T11:13:23.561661
svc_004,Order Service,API Gateway,Order Service,256.66,1883,36.18,1776.0,0.0376,critical,production,2026-03-08T11:19:23.561661
svc_004,Order Service,API Gateway,Order Service,424.5,8236,48.08,1302.0,0.0276,critical,production,2026-03-08T11:25:23.561661
svc_011,Logging Service,API Gateway,Logging Service,31.56,2932,83.41,1660.0,0.0361,medium,production,2026-03-08T11:26:23.561661
svc_003,User Service,Auth Service,User Service,493.1,452,44.81,2022.0,0.0029,high,production,2026-03-08T11:33:23.561661
svc_003,User Service,API Gateway,User Service,458.85,951,11.26,448.0,0.0355,high,production,2026-03-08T11:45:23.561661
svc_013,Cache Service,Catalog Service,Cache Service,195.73,5585,67.97,2036.0,0.028,high,production,2026-03-08T11:52:23.561661
svc_018,Session Service,Auth Service,Session Service,400.5,7638,13.61,650.0,0.0164,high,production,2026-03-08T11:52:23.561661
svc_012,Config Service,Order Service,Config Service,240.56,6790,35.49,1663.0,0.0067,high,production,2026-03-08T11:58:23.561661
svc_012,Config Service,User Service,Config Service,425.85,5744,59.13,1031.0,0.0352,high,production,2026-03-08T12:05:23.561661
svc_012,Config Service,Auth Service,Config Service,433.93,184,56.5,1420.0,0.0169,high,production,2026-03-08T12:12:23.561661
svc_007,Inventory Service,Order Service,Inventory Service,282.2,7380,12.56,1738.0,0.0223,high,production,2026-03-08T12:15:23.561661
svc_006,Notification Service,Payment Service,Notification Service,197.25,7442,50.91,1047.0,0.0115,medium,production,2026-03-08T12:23:23.561661
svc_003,User Service,API Gateway,User Service,401.98,416,56.26,1818.0,0.0376,high,production,2026-03-08T12:26:23.561661
svc_012,Config Service,Order Service,Config Service,284.08,7152,18.38,1062.0,0.0252,high,production,2026-03-08T12:48:23.561661
svc_010,Analytics Service,Order Service,Analytics Service,186.57,7807,44.31,1960.0,0.035,low,production,2026-03-08T12:50:23.561661
svc_011,Logging Service,API Gateway,Logging Service,296.03,89,50.94,1702.0,0.039,medium,production,2026-03-08T12:52:23.561661
svc_010,Analytics Service,User Service,Analytics Service,358.56,7675,34.27,450.0,0.0289,low,production,2026-03-08T12:58:23.561661
svc_018,Session Service,Auth Service,Session Service,174.4,5701,82.4,147.0,0.0128,high,production,2026-03-08T12:59:23.561661
svc_017,Recommendation Service,Search Service,Recommendation Service,135.39,5260,24.96,1536.0,0.0291,medium,production,2026-03-08T13:02:23.561661
svc_018,Session Service,Auth Service,Session Service,493.85,5407,24.54,465.0,0.0135,high,production,2026-03-08T13:09:23.561661
svc_002,Auth Service,API Gateway,Auth Service,101.79,8751,58.04,775.0,0.0151,critical,production,2026-03-08T13:29:23.561661
svc_011,Logging Service,API Gateway,Logging Service,488.1,5035,17.51,1328.0,0.0112,medium,production,2026-03-08T13:31:23.561661
svc_015,Report Service,Billing Service,Report Service,105.56,2161,33.17,827.0,0.0081,low,production,2026-03-08T13:39:23.561661
svc_010,Analytics Service,User Service,Analytics Service,163.83,4871,24.77,1155.0,0.018,low,production,2026-03-08T13:40:23.561661
svc_012,Config Service,Order Service,Config Service,424.57,5152,81.58,2026.0,0.042,high,production,2026-03-08T13:50:23.561661
svc_006,Notification Service,Order Service,Notification Service,469.57,6406,28.52,901.0,0.0199,medium,production,2026-03-08T13:51:23.561661
svc_012,Config Service,Order Service,Config Service,111.07,4386,68.71,1402.0,0.0133,high,production,2026-03-08T14:10:23.561661
svc_004,Order Service,API Gateway,Order Service,470.23,4405,62.26,1126.0,0.0406,critical,production,2026-03-08T14:15:23.561661
svc_012,Config Service,User Service,Config Service,104.67,7344,30.33,1615.0,0.0194,high,production,2026-03-08T14:27:23.561661
svc_016,Billing Service,Payment Service,Billing Service,309.8,10086,35.36,1195.0,0.0355,high,production,2026-03-08T14:31:23.561661
svc_010,Analytics Service,User Service,Analytics Service,409.48,6027,12.6,1146.0,0.001,low,production,2026-03-08T14:55:23.561661
svc_003,User Service,API Gateway,User Service,311.57,2527,28.75,1527.0,0.0496,high,production,2026-03-08T15:19:23.561661
svc_002,Auth Service,API Gateway,Auth Service,113.9,2117,48.33,934.0,0.0403,critical,production,2026-03-08T15:28:23.561661
svc_014,Email Service,Notification Service,Email Service,537.52,1210,19.98,789.0,0.0358,medium,production,2026-03-08T15:39:23.561661
svc_010,Analytics Service,User Service,Analytics Service,353.85,3718,61.07,930.0,0.0345,low,production,2026-03-08T15:46:23.561661
svc_010,Analytics Service,User Service,Analytics Service,426.06,2257,8.41,158.0,0.0457,low,production,2026-03-08T15:50:23.561661
svc_011,Logging Service,API Gateway,Logging Service,278.37,4445,10.41,340.0,0.0065,medium,production,2026-03-08T15:51:23.561661
svc_006,Notification Service,Payment Service,Notification Service,49.1,6414,59.02,183.0,0.0391,medium,production,2026-03-08T16:04:23.561661
svc_018,Session Service,Auth Service,Session Service,318.53,9996,48.13,1337.0,0.0123,high,production,2026-03-08T16:09:23.561661
svc_005,Payment Service,Order Service,Payment Service,157.39,683,68.68,447.0,0.0462,critical,production,2026-03-08T16:14:23.561661
svc_013,Cache Service,Catalog Service,Cache Service,95.18,6782,58.19,630.0,0.0488,high,production,2026-03-08T16:18:23.561661
svc_012,Config Service,Order Service,Config Service,431.35,7025,14.84,1172.0,0.0146,high,production,2026-03-08T16:29:23.561661
svc_011,Logging Service,API Gateway,Logging Service,203.96,10467,74.36,1726.0,0.0289,medium,production,2026-03-08T16:34:23.561661
svc_013,Cache Service,Search Service,Cache Service,390.02,1088,30.05,239.0,0.014,high,production,2026-03-08T16:37:23.561661
svc_002,Auth Service,API Gateway,Auth Service,429.93,3836,44.88,1374.0,0.0102,critical,production,2026-03-08T17:17:23.561661
svc_013,Cache Service,Search Service,Cache Service,270.34,3626,10.3,1191.0,0.0466,high,production,2026-03-08T17:26:23.561661
svc_013,Cache Service,Catalog Service,Cache Service,52.16,6004,16.57,1728.0,0.0202,high,production,2026-03-08T17:37:23.561661
svc_004,Order Service,API Gateway,Order Service,116.37,5742,34.61,1500.0,0.0488,critical,production,2026-03-08T17:49:23.561661
svc_008,Catalog Service,Inventory Service,Catalog Service,470.98,2005,53.18,1120.0,0.0066,high,production,2026-03-08T18:11:23.561661
svc_015,Report Service,Billing Service,Report Service,141.97,2821,64.6,1325.0,0.0357,low,production,2026-03-08T18:12:23.561661
svc_003,User Service,Auth Service,User Service,265.46,3122,18.03,1332.0,0.0219,high,production,2026-03-08T18:39:23.561661
svc_006,Notification Service,Order Service,Notification Service,109.69,7173,23.32,1081.0,0.0125,medium,production,2026-03-08T18:53:23.561661
svc_010,Analytics Service,Order Service,Analytics Service,309.11,9450,30.69,1880.0,0.017,low,production,2026-03-08T19:02:23.561661
svc_012,Config Service,User Service,Config Service,270.92,1307,34.93,445.0,0.0291,high,production,2026-03-08T19:08:23.561661
svc_009,Search Service,Catalog Service,Search Service,208.34,6851,53.99,1737.0,0.0187,medium,production,2026-03-08T19:46:23.561661
svc_016,Billing Service,Payment Service,Billing Service,377.41,10220,15.56,1549.0,0.0138,high,production,2026-03-08T20:07:23.561661
svc_009,Search Service,API Gateway,Search Service,143.0,4796,34.88,778.0,0.0382,medium,production,2026-03-08T20:12:23.561661
svc_015,Report Service,Billing Service,Report Service,343.52,5765,27.26,540.0,0.0372,low,production,2026-03-08T20:13:23.561661
svc_007,Inventory Service,Order Service,Inventory Service,196.85,9495,17.0,1922.0,0.0443,high,production,2026-03-08T20:14:23.561661
svc_010,Analytics Service,User Service,Analytics Service,489.73,1775,28.25,819.0,0.0068,low,production,2026-03-08T20:19:23.561661
svc_002,Auth Service,API Gateway,Auth Service,441.52,7133,47.06,568.0,0.0395,critical,production,2026-03-08T20:50:23.561661
svc_006,Notification Service,Payment Service,Notification Service,348.86,8131,84.58,1800.0,0.0457,medium,production,2026-03-08T21:05:23.561661
svc_003,User Service,Auth Service,User Service,315.97,7077,28.31,1778.0,0.0269,high,production,2026-03-08T21:11:23.561661
svc_017,Recommendation Service,Search Service,Recommendation Service,140.46,4899,25.05,712.0,0.0292,medium,production,2026-03-08T21:11:23.561661
svc_011,Logging Service,API Gateway,Logging Service,175.37,3280,64.71,1912.0,0.0482,medium,production,2026-03-08T21:12:23.561661
svc_006,Notification Service,Payment Service,Notification Service,26.46,1205,15.49,438.0,0.0351,medium,production,2026-03-08T21:23:23.561661
svc_003,User Service,API Gateway,User Service,275.02,3898,17.35,1064.0,0.028,high,production,2026-03-08T21:34:23.561661
svc_015,Report Service,Analytics Service,Report Service,230.62,1811,12.45,1667.0,0.0395,low,production,2026-03-08T21:37:23.561661
svc_006,Notification Service,Order Service,Notification Service,480.38,8522,66.78,666.0,0.0042,medium,production,2026-03-08T21:44:23.561661
svc_015,Report Service,Billing Service,Report Service,394.65,4938,64.95,1267.0,0.0412,low,production,2026-03-08T21:46:23.561661
svc_006,Notification Service,Payment Service,Notification Service,482.93,794,19.54,946.0,0.0281,medium,production,2026-03-08T21:48:23.561661
svc_009,Search Service,API Gateway,Search Service,468.93,4336,74.49,712.0,0.0254,medium,production,2026-03-08T21:49:23.561661
svc_014,Email Service,Notification Service,Email Service,213.06,4524,29.26,1901.0,0.009,medium,production,2026-03-08T21:57:23.561661
svc_006,Notification Service,Order Service,Notification Service,156.21,9998,47.33,861.0,0.0201,medium,production,2026-03-08T22:00:23.561661
svc_017,Recommendation Service,Search Service,Recommendation Service,363.75,10,39.51,1959.0,0.05,medium,production,2026-03-08T22:23:23.561661
svc_015,Report Service,Billing Service,Report Service,329.64,5582,54.69,497.0,0.0015,low,production,2026-03-08T22:26:23.561661
svc_003,User Service,API Gateway,User Service,98.53,8962,73.68,950.0,0.0394,high,production,2026-03-08T22:51:23.561661
svc_006,Notification Service,Payment Service,Notification Service,335.94,4692,38.26,1857.0,0.0132,medium,production,2026-03-08T22:51:23.561661
svc_008,Catalog Service,Inventory Service,Catalog Service,495.32,2330,10.51,1104.0,0.0017,high,production,2026-03-08T23:14:23.561661
svc_015,Report Service,Analytics Service,Report Service,40.11,4311,21.9,1425.0,0.0161,low,production,2026-03-08T23:20:23.561661
svc_017,Recommendation Service,Search Service,Recommendation Service,201.96,5205,9.15,1751.0,0.0306,medium,production,2026-03-08T23:38:23.561661
svc_011,Logging Service,API Gateway,Logging Service,480.66,6115,46.12,1682.0,0.0397,medium,production,2026-03-08T23:41:23.561661
svc_013,Cache Service,Catalog Service,Cache Service,359.86,7585,50.19,1018.0,0.0062,high,production,2026-03-08T23:44:23.561661
svc_012,Config Service,Auth Service,Config Service,120.55,2675,35.41,1150.0,0.0275,high,production,2026-03-08T23:49:23.561661
svc_003,User Service,Auth Service,User Service,238.55,5612,54.39,1003.0,0.0054,high,production,2026-03-09T00:03:23.561661
svc_018,Session Service,Auth Service,Session Service,189.73,5210,28.9,1439.0,0.0063,high,production,2026-03-09T00:10:23.561661
svc_003,User Service,API Gateway,User Service,255.98,9391,27.94,1375.0,0.0438,high,production,2026-03-09T00:42:23.561661
svc_006,Notification Service,Order Service,Notification Service,65.51,1589,11.23,1161.0,0.0063,medium,production,2026-03-09T00:58:23.561661
svc_012,Config Service,Auth Service,Config Service,309.54,7410,34.33,1256.0,0.0132,high,production,2026-03-09T00:58:23.561661
svc_013,Cache Service,Catalog Service,Cache Service,492.78,7132,19.47,1056.0,0.0333,high,production,2026-03-09T01:06:23.561661
svc_013,Cache Service,Search Service,Cache Service,226.5,5525,49.96,1008.0,0.0231,high,production,2026-03-09T01:08:23.561661
svc_017,Recommendation Service,Search Service,Recommendation Service,118.96,646,48.43,1073.0,0.0042,medium,production,2026-03-09T01:09:23.561661
svc_003,User Service,API Gateway,User Service,272.25,839,18.18,311.0,0.0268,high,production,2026-03-09T01:27:23.561661
svc_017,Recommendation Service,Search Service,Recommendation Service,487.03,3437,7.41,1432.0,0.0492,medium,production,2026-03-09T01:29:23.561661
svc_013,Cache Service,Catalog Service,Cache Service,333.33,4261,65.88,623.0,0.0253,high,production,2026-03-09T01:34:23.561661
svc_012,Config Service,User Service,Config Service,477.95,2990,37.69,1599.0,0.0477,high,production,2026-03-09T01:53:23.561661
svc_010,Analytics Service,User Service,Analytics Service,40.87,5501,16.64,1730.0,0.0264,low,production,2026-03-09T02:24:23.561661
svc_017,Recommendation Service,Search Service,Recommendation Service,321.5,3005,31.44,306.0,0.0069,medium,production,2026-03-09T02:38:23.561661
svc_013,Cache Service,Catalog Service,Cache Service,114.46,6074,50.48,1104.0,0.0213,high,production,2026-03-09T03:10:23.561661
svc_013,Cache Service,Search Service,Cache Service,452.81,10,32.17,1516.0,0.0451,high,production,2026-03-09T03:13:23.561661
svc_017,Recommendation Service,Search Service,Recommendation Service,374.9,4712,26.42,339.0,0.0434,medium,production,2026-03-09T03:18:23.561661
svc_005,Payment Service,Order Service,Payment Service,78.22,1570,52.05,757.0,0.0121,critical,production,2026-03-09T03:39:23.561661
svc_013,Cache Service,Search Service,Cache Service,244.32,3475,43.57,164.0,0.0239,high,production,2026-03-09T03:45:23.561661
svc_008,Catalog Service,Inventory Service,Catalog Service,326.5,1294,55.26,1491.0,0.0425,high,production,2026-03-09T03:49:23.561661
svc_010,Analytics Service,User Service,Analytics Service,517.54,6421,23.09,1703.0,0.0236,low,production,2026-03-09T03:51:23.561661
svc_018,Session Service,Auth Service,Session Service,198.59,2486,67.63,1871.0,0.0058,high,production,2026-03-09T03:57:23.561661
svc_002,Auth Service,API Gateway,Auth Service,46.65,3497,56.33,1966.0,0.0305,critical,production,2026-03-09T04:11:23.561661
svc_015,Report Service,Analytics Service,Report Service,287.08,3793,7.74,1777.0,0.0347,low,production,2026-03-09T04:52:23.561661
svc_003,User Service,API Gateway,User Service,209.0,6840,10.46,433.0,0.0299,high,production,2026-03-09T05:03:23.561661
svc_011,Logging Service,API Gateway,Logging Service,67.47,1051,63.81,457.0,0.0452,medium,production,2026-03-09T05:04:23.561661
svc_011,Logging Service,API Gateway,Logging Service,126.03,2576,67.95,702.0,0.0403,medium,production,2026-03-09T05:05:23.561661
svc_005,Payment Service,Order Service,Payment Service,279.5,2160,26.15,277.0,0.0128,critical,production,2026-03-09T05:17:23.561661
svc_015,Report Service,Analytics Service,Report Service,315.51,160,19.59,1972.0,0.0244,low,production,2026-03-09T05:25:23.561661
svc_017,Recommendation Service,Search Service,Recommendation Service,164.85,4078,31.0,376.0,0.0107,medium,production,2026-03-09T05:32:23.561661
svc_008,Catalog Service,Inventory Service,Catalog Service,497.02,7685,59.37,1448.0,0.0268,high,production,2026-03-09T05:35:23.561661
svc_009,Search Service,API Gateway,Search Service,413.59,4642,72.53,1500.0,0.0268,medium,production,2026-03-09T05:38:23.561661
svc_015,Report Service,Analytics Service,Report Service,330.25,2761,17.47,1598.0,0.0299,low,production,2026-03-09T05:38:23.561661
svc_010,Analytics Service,User Service,Analytics Service,288.5,4971,27.59,372.0,0.0011,low,production,2026-03-09T05:56:23.561661
svc_007,Inventory Service,Order Service,Inventory Service,380.3,5952,40.36,1621.0,0.0338,high,production,2026-03-09T06:14:23.561661
svc_008,Catalog Service,Inventory Service,Catalog Service,87.44,6521,35.26,1530.0,0.0307,high,production,2026-03-09T06:24:23.561661
svc_015,Report Service,Analytics Service,Report Service,462.7,869,12.32,1715.0,0.0095,low,production,2026-03-09T06:30:23.561661
svc_016,Billing Service,Payment Service,Billing Service,198.61,7610,67.07,962.0,0.0466,high,production,2026-03-09T06:57:23.561661
svc_013,Cache Service,Search Service,Cache Service,431.78,3720,29.08,1456.0,0.0198,high,production,2026-03-09T07:12:23.561661
svc_006,Notification Service,Payment Service,Notification Service,160.74,73,34.83,639.0,0.0042,medium,production,2026-03-09T07:14:23.561661
svc_003,User Service,API Gateway,User Service,66.83,6730,12.39,1430.0,0.0134,high,production,2026-03-09T07:17:23.561661
svc_008,Catalog Service,Inventory Service,Catalog Service,58.21,10,26.0,1420.0,0.0269,high,production,2026-03-09T07:22:23.561661
svc_009,Search Service,Catalog Service,Search Service,367.11,3045,58.0,366.0,0.0359,medium,production,2026-03-09T07:22:23.561661
svc_008,Catalog Service,Inventory Service,Catalog Service,142.87,5403,24.67,1263.0,0.0153,high,production,2026-03-09T07:30:23.561661
svc_009,Search Service,Catalog Service,Search Service,445.43,2151,59.15,767.0,0.0177,medium,production,2026-03-09T07:50:23.561661
svc_012,Config Service,Auth Service,Config Service,400.87,2871,11.95,154.0,0.0377,high,production,2026-03-09T07:57:23.561661
svc_010,Analytics Service,Order Service,Analytics Service,467.82,2527,59.57,1449.0,0.0095,low,production,2026-03-09T08:01:23.561661
svc_003,User Service,API Gateway,User Service,319.97,8857,48.13,637.0,0.0414,high,production,2026-03-09T08:38:23.561661
svc_012,Config Service,User Service,Config Service,113.38,681,62.57,1186.0,0.033,high,production,2026-03-09T08:44:23.561661
svc_003,User Service,API Gateway,User Service,294.55,4579,23.32,287.0,0.0359,high,production,2026-03-09T08:59:23.561661
svc_010,Analytics Service,Order Service,Analytics Service,32.5,6914,31.12,327.0,0.0135,low,production,2026-03-09T09:09:23.561661
svc_015,Report Service,Billing Service,Report Service,176.61,7600,60.81,211.0,0.0253,low,production,2026-03-09T09:36:23.561661
svc_010,Analytics Service,User Service,Analytics Service,339.61,1224,51.62,361.0,0.0477,low,production,2026-03-09T09:38:23.561661
svc_018,Session Service,Auth Service,Session Service,46.73,808,64.94,1383.0,0.0113,high,production,2026-03-09T09:44:23.561661
svc_014,Email Service,Notification Service,Email Service,302.59,4602,36.29,1062.0,0.0357,medium,production,2026-03-09T09:48:23.561661
svc_012,Config Service,Order Service,Config Service,55.88,336,22.03,1282.0,0.0051,high,production,2026-03-09T09:55:23.561661
svc_006,Notification Service,Order Service,Notification Service,31.25,5709,32.47,1583.0,0.0388,medium,production,2026-03-09T09:59:23.561661
svc_017,Recommendation Service,Search Service,Recommendation Service,254.28,3886,20.15,849.0,0.0267,medium,production,2026-03-09T10:07:23.561661
svc_011,Logging Service,API Gateway,Logging Service,250.5,7400,28.61,1099.0,0.002,medium,production,2026-03-09T10:07:23.561661
svc_011,Logging Service,API Gateway,Logging Service,493.11,5380,30.88,999.0,0.0159,medium,production,2026-03-09T10:28:23.561661
svc_009,Search Service,Catalog Service,Search Service,329.31,7468,27.0,1147.0,0.0158,medium,production,2026-03-09T10:31:23.561661
svc_010,Analytics Service,User Service,Analytics Service,128.61,2796,61.01,1603.0,0.0491,low,production,2026-03-09T10:43:23.561661
svc_005,Payment Service,Order Service,Payment Service,372.59,617,79.6,1492.0,0.0265,critical,production,2026-03-09T11:04:23.561661
svc_013,Cache Service,Search Service,Cache Service,135.71,1602,34.21,164.0,0.0099,high,production,2026-03-09T11:06:23.561661
svc_013,Cache Service,Search Service,Cache Service,335.76,2842,20.3,405.0,0.0456,high,production,2026-03-09T11:08:23.561661
svc_011,Logging Service,API Gateway,Logging Service,485.09,559,27.89,1700.0,0.0099,medium,production,2026-03-09T11:17:23.561661
svc_012,Config Service,Auth Service,Config Service,355.09,4716,19.96,810.0,0.0433,high,production,2026-03-09T11:43:23.561661
svc_017,Recommendation Service,Search Service,Recommendation Service,312.52,6422,11.35,483.0,0.0029,medium,production,2026-03-09T11:45:23.561661
svc_017,Recommendation Service,Search Service,Recommendation Service,115.49,678,49.67,427.0,0.0238,medium,production,2026-03-09T11:59:23.561661
svc_013,Cache Service,Search Service,Cache Service,210.23,1576,19.95,1073.0,0.0476,high,production,2026-03-09T12:03:23.561661
svc_006,Notification Service,Order Service,Notification Service,349.75,2916,11.9,694.0,0.0333,medium,production,2026-03-09T12:30:23.561661
svc_003,User Service,Auth Service,User Service,482.31,4387,50.74,886.0,0.0065,high,production,2026-03-09T13:00:23.561661
svc_009,Search Service,Catalog Service,Search Service,298.35,6600,15.01,285.0,0.0353,medium,production,2026-03-09T13:06:23.561661
svc_015,Report Service,Analytics Service,Report Service,355.05,4179,4.49,1943.0,0.0079,low,production,2026-03-09T13:29:23.561661
svc_011,Logging Service,API Gateway,Logging Service,384.24,2700,54.72,967.0,0.0408,medium,production,2026-03-09T13:34:23.561661
svc_012,Config Service,Auth Service,Config Service,456.46,9366,58.7,1150.0,0.0192,high,production,2026-03-09T14:13:23.561661
svc_011,Logging Service,API Gateway,Logging Service,491.22,3283,48.74,1010.0,0.0495,medium,production,2026-03-09T14:14:23.561661
svc_017,Recommendation Service,Search Service,Recommendation Service,63.1,4949,49.4,760.0,0.0249,medium,production,2026-03-09T14:17:23.561661
svc_003,User Service,Auth Service,User Service,47.48,662,66.8,1391.0,0.0185,high,production,2026-03-09T14:31:23.561661
svc_009,Search Service,API Gateway,Search Service,418.16,5201,10.87,917.0,0.0408,medium,production,2026-03-09T14:50:23.561661
svc_007,Inventory Service,Order Service,Inventory Service,187.75,4933,51.24,893.0,0.0432,high,production,2026-03-09T14:53:23.561661
svc_008,Catalog Service,Inventory Service,Catalog Service,445.08,4640,32.41,1172.0,0.0302,high,production,2026-03-09T15:13:23.561661
svc_007,Inventory Service,Order Service,Inventory Service,87.68,7543,72.53,687.0,0.0164,high,production,2026-03-09T15:15:23.561661
svc_005,Payment Service,Order Service,Payment Service,474.54,7342,68.46,939.0,0.041,critical,production,2026-03-09T15:36:23.561661
svc_003,User Service,API Gateway,User Service,108.67,6653,53.69,1509.0,0.0328,high,production,2026-03-09T15:44:23.561661
svc_014,Email Service,Notification Service,Email Service,74.28,4606,25.6,204.0,0.0273,medium,production,2026-03-09T16:02:23.561661
svc_010,Analytics Service,Order Service,Analytics Service,142.56,8729,10.49,849.0,0.0117,low,production,2026-03-09T16:04:23.561661
svc_014,Email Service,Notification Service,Email Service,342.59,3380,16.96,1824.0,0.0292,medium,production,2026-03-09T16:11:23.561661
svc_012,Config Service,Order Service,Config Service,115.93,10204,40.82,796.0,0.0163,high,production,2026-03-09T16:13:23.561661
svc_018,Session Service,Auth Service,Session Service,253.66,4294,27.65,1842.0,0.0073,high,production,2026-03-09T16:20:23.561661
svc_009,Search Service,API Gateway,Search Service,134.27,4678,37.96,211.0,0.0486,medium,production,2026-03-09T16:47:23.561661
svc_009,Search Service,Catalog Service,Search Service,51.42,3651,36.59,1728.0,0.0401,medium,production,2026-03-09T16:52:23.561661
svc_006,Notification Service,Order Service,Notification Service,337.73,7261,41.84,1363.0,0.0374,medium,production,2026-03-09T16:53:23.561661
svc_014,Email Service,Notification Service,Email Service,79.91,6065,43.6,1474.0,0.0381,medium,production,2026-03-09T17:15:23.561661
svc_004,Order Service,API Gateway,Order Service,379.62,4633,15.05,1184.0,0.0116,critical,production,2026-03-09T17:16:23.561661
svc_016,Billing Service,Payment Service,Billing Service,305.95,3075,36.77,1551.0,0.0493,high,production,2026-03-09T17:23:23.561661
svc_017,Recommendation Service,Search Service,Recommendation Service,437.81,349,38.92,901.0,0.0163,medium,production,2026-03-09T17:25:23.561661
svc_012,Config Service,Auth Service,Config Service,208.76,8653,77.47,1336.0,0.0066,high,production,2026-03-09T17:56:23.561661
svc_002,Auth Service,API Gateway,Auth Service,231.97,7386,12.71,291.0,0.0086,critical,production,2026-03-09T18:06:23.561661
svc_018,Session Service,Auth Service,Session Service,243.02,4710,53.64,242.0,0.011,high,production,2026-03-09T18:13:23.561661
svc_012,Config Service,Order Service,Config Service,45.48,1083,40.89,607.0,0.0489,high,production,2026-03-09T18:32:23.561661
svc_003,User Service,Auth Service,User Service,393.22,2955,46.51,1487.0,0.0425,high,production,2026-03-09T18:34:23.561661
svc_010,Analytics Service,User Service,Analytics Service,305.78,3614,12.4,407.0,0.0304,low,production,2026-03-09T18:37:23.561661
svc_002,Auth Service,API Gateway,Auth Service,97.54,5851,53.87,449.0,0.0012,critical,production,2026-03-09T18:49:23.561661
svc_015,Report Service,Analytics Service,Report Service,413.22,2605,5.17,1356.0,0.0296,low,production,2026-03-09T18:55:23.561661
svc_002,Auth Service,API Gateway,Auth Service,426.44,1812,26.21,1815.0,0.0266,critical,production,2026-03-09T19:08:23.561661
svc_011,Logging Service,API Gateway,Logging Service,402.5,4437,66.23,267.0,0.04,medium,production,2026-03-09T19:11:23.561661
svc_002,Auth Service,API Gateway,Auth Service,332.43,3115,40.45,1527.0,0.0306,critical,production,2026-03-09T19:27:23.561661
svc_003,User Service,Auth Service,User Service,164.1,8626,57.34,461.0,0.0198,high,production,2026-03-09T19:45:23.561661
svc_012,Config Service,Auth Service,Config Service,364.85,1690,11.55,973.0,0.0287,high,production,2026-03-09T19:47:23.561661
svc_006,Notification Service,Order Service,Notification Service,494.76,9937,16.05,668.0,0.0023,medium,production,2026-03-09T19:51:23.561661
svc_012,Config Service,Order Service,Config Service,252.62,2423,10.82,1404.0,0.0152,high,production,2026-03-09T20:05:23.561661
svc_012,Config Service,User Service,Config Service,202.72,2269,28.19,723.0,0.0315,high,production,2026-03-09T20:10:23.561661
svc_003,User Service,API Gateway,User Service,323.79,9250,39.75,718.0,0.04,high,production,2026-03-09T20:34:23.561661
svc_013,Cache Service,Catalog Service,Cache Service,341.25,514,61.18,924.0,0.0028,high,production,2026-03-09T20:51:23.561661
svc_010,Analytics Service,Order Service,Analytics Service,132.91,1503,70.14,297.0,0.0482,low,production,2026-03-09T20:51:23.561661
svc_006,Notification Service,Order Service,Notification Service,298.75,59,39.73,1908.0,0.0177,medium,production,2026-03-09T20:59:23.561661
svc_011,Logging Service,API Gateway,Logging Service,346.86,4613,76.66,1194.0,0.0163,medium,production,2026-03-09T21:39:23.561661
svc_012,Config Service,Auth Service,Config Service,164.24,8949,30.36,187.0,0.023,high,production,2026-03-09T21:40:23.561661
svc_011,Logging Service,API Gateway,Logging Service,444.42,1846,82.14,633.0,0.0196,medium,production,2026-03-09T21:44:23.561661
svc_006,Notification Service,Payment Service,Notification Service,308.88,7250,49.2,1571.0,0.0255,medium,production,2026-03-09T21:45:23.561661
svc_018,Session Service,Auth Service,Session Service,299.32,7617,20.8,919.0,0.0438,high,production,2026-03-09T21:45:23.561661
svc_002,Auth Service,API Gateway,Auth Service,92.09,29,29.79,760.0,0.0344,critical,production,2026-03-09T22:06:23.561661
svc_009,Search Service,API Gateway,Search Service,359.57,10035,67.94,220.0,0.0137,medium,production,2026-03-09T22:12:23.561661
svc_006,Notification Service,Payment Service,Notification Service,144.49,3641,71.2,1085.0,0.0126,medium,production,2026-03-09T22:25:23.561661
svc_006,Notification Service,Payment Service,Notification Service,161.78,4318,80.59,583.0,0.0081,medium,production,2026-03-09T22:35:23.561661
svc_004,Order Service,API Gateway,Order Service,328.76,8836,62.99,257.0,0.0462,critical,production,2026-03-09T22:36:23.561661
svc_012,Config Service,Auth Service,Config Service,100.24,8744,61.72,810.0,0.0457,high,production,2026-03-09T22:38:23.561661
svc_011,Logging Service,API Gateway,Logging Service,270.88,7198,47.09,1555.0,0.017,medium,production,2026-03-09T22:41:23.561661
svc_014,Email Service,Notification Service,Email Service,309.03,3858,20.54,825.0,0.0287,medium,production,2026-03-09T22:48:23.561661
svc_013,Cache Service,Search Service,Cache Service,80.51,4484,23.12,1634.0,0.0423,high,production,2026-03-09T23:06:23.561661
svc_017,Recommendation Service,Search Service,Recommendation Service,84.72,1973,21.3,1784.0,0.0046,medium,production,2026-03-09T23:12:23.561661
svc_015,Report Service,Analytics Service,Report Service,334.83,1398,17.26,1656.0,0.0069,low,production,2026-03-09T23:48:23.561661
svc_008,Catalog Service,Inventory Service,Catalog Service,200.45,1901,59.53,463.0,0.0324,high,production,2026-03-09T23:48:23.561661
svc_012,Config Service,User Service,Config Service,445.29,5011,21.92,901.0,0.0142,high,production,2026-03-09T23:50:23.561661
svc_003,User Service,Auth Service,User Service,207.8,3409,61.0,1026.0,0.0264,high,production,2026-03-09T23:51:23.561661
svc_012,Config Service,Order Service,Config Service,71.13,8002,46.8,493.0,0.0137,high,production,2026-03-09T23:54:23.561661
svc_012,Config Service,Order Service,Config Service,29.91,4946,84.15,1888.0,0.0243,high,production,2026-03-10T00:10:23.561661
svc_014,Email Service,Notification Service,Email Service,408.97,3005,45.58,1488.0,0.0071,medium,production,2026-03-10T00:12:23.561661
svc_007,Inventory Service,Order Service,Inventory Service,309.52,7404,55.67,523.0,0.0413,high,production,2026-03-10T00:14:23.561661
svc_004,Order Service,API Gateway,Order Service,155.19,6063,45.54,867.0,0.0288,critical,production,2026-03-10T00:15:23.561661
svc_012,Config Service,Auth Service,Config Service,48.82,5184,17.43,1724.0,0.0469,high,production,2026-03-10T00:23:23.561661
svc_003,User Service,API Gateway,User Service,446.5,10304,45.0,1453.0,0.0088,high,production,2026-03-10T00:29:23.561661
svc_017,Recommendation Service,Search Service,Recommendation Service,284.11,3007,36.11,1691.0,0.01,medium,production,2026-03-10T00:29:23.561661
svc_006,Notification Service,Payment Service,Notification Service,220.93,6553,15.47,704.0,0.0485,medium,production,2026-03-10T00:34:23.561661
svc_013,Cache Service,Search Service,Cache Service,495.54,1863,31.5,2002.0,0.0491,high,production,2026-03-10T00:43:23.561661
svc_015,Report Service,Analytics Service,Report Service,513.53,1343,24.26,1941.0,0.04,low,production,2026-03-10T00:45:23.561661
svc_013,Cache Service,Search Service,Cache Service,349.53,1075,50.18,1665.0,0.0148,high,production,2026-03-10T00:49:23.561661
svc_018,Session Service,Auth Service,Session Service,284.76,10013,35.62,560.0,0.029,high,production,2026-03-10T00:59:23.561661
svc_008,Catalog Service,Inventory Service,Catalog Service,444.68,3963,49.56,773.0,0.0289,high,production,2026-03-10T01:04:23.561661
svc_004,Order Service,API Gateway,Order Service,322.8,4299,81.89,1487.0,0.0401,critical,production,2026-03-10T01:13:23.561661
svc_015,Report Service,Analytics Service,Report Service,383.35,2576,5.37,1914.0,0.0285,low,production,2026-03-10T01:27:23.561661
svc_012,Config Service,User Service,Config Service,337.4,890,58.71,669.0,0.0497,high,production,2026-03-10T01:30:23.561661
svc_005,Payment Service,Order Service,Payment Service,25.66,9670,77.45,1544.0,0.0167,critical,production,2026-03-10T01:34:23.561661
svc_003,User Service,API Gateway,User Service,48.06,1052,54.7,495.0,0.0026,high,production,2026-03-10T01:56:23.561661
svc_003,User Service,API Gateway,User Service,260.53,4471,31.0,2011.0,0.0104,high,production,2026-03-10T02:09:23.561661
svc_011,Logging Service,API Gateway,Logging Service,460.64,9078,72.39,1601.0,0.0064,medium,production,2026-03-10T02:09:23.561661
svc_005,Payment Service,Order Service,Payment Service,161.02,3580,27.01,658.0,0.0198,critical,production,2026-03-10T02:19:23.561661
svc_009,Search Service,API Gateway,Search Service,44.57,5844,49.93,647.0,0.0046,medium,production,2026-03-10T02:20:23.561661
svc_015,Report Service,Analytics Service,Report Service,367.07,2478,26.32,846.0,0.0277,low,production,2026-03-10T02:32:23.561661
svc_006,Notification Service,Payment Service,Notification Service,64.17,8397,79.66,1934.0,0.0255,medium,production,2026-03-10T03:08:23.561661
svc_012,Config Service,User Service,Config Service,509.75,10,65.61,1575.0,0.0188,high,production,2026-03-10T03:12:23.561661
svc_016,Billing Service,Payment Service,Billing Service,403.8,7219,76.09,509.0,0.0136,high,production,2026-03-10T03:34:23.561661
svc_012,Config Service,Order Service,Config Service,449.58,7750,84.79,1801.0,0.0016,high,production,2026-03-10T03:41:23.561661
svc_003,User Service,API Gateway,User Service,26.3,4233,65.77,236.0,0.0103,high,production,2026-03-10T03:45:23.561661
svc_018,Session Service,Auth Service,Session Service,356.66,7667,38.27,1627.0,0.0207,high,production,2026-03-10T04:02:23.561661
svc_007,Inventory Service,Order Service,Inventory Service,59.48,2461,83.86,1963.0,0.0294,high,production,2026-03-10T04:03:23.561661
svc_007,Inventory Service,Order Service,Inventory Service,190.07,5597,84.06,1087.0,0.0253,high,production,2026-03-10T04:10:23.561661
svc_010,Analytics Service,Order Service,Analytics Service,172.61,9899,78.1,229.0,0.0243,low,production,2026-03-10T04:14:23.561661
svc_016,Billing Service,Payment Service,Billing Service,238.95,4664,60.44,1394.0,0.0353,high,production,2026-03-10T04:16:23.561661
svc_013,Cache Service,Catalog Service,Cache Service,231.47,1338,18.48,1211.0,0.0339,high,production,2026-03-10T04:24:23.561661
svc_013,Cache Service,Search Service,Cache Service,96.34,2702,10.57,1699.0,0.0108,high,production,2026-03-10T04:28:23.561661
svc_009,Search Service,Catalog Service,Search Service,264.97,1773,58.11,957.0,0.0105,medium,production,2026-03-10T04:36:23.561661
svc_006,Notification Service,Payment Service,Notification Service,255.34,8611,44.94,907.0,0.0344,medium,production,2026-03-10T04:37:23.561661
svc_008,Catalog Service,Inventory Service,Catalog Service,383.94,7422,12.4,1141.0,0.0277,high,production,2026-03-10T04:43:23.561661
svc_009,Search Service,Catalog Service,Search Service,339.61,4025,61.55,739.0,0.0153,medium,production,2026-03-10T05:19:23.561661
svc_002,Auth Service,API Gateway,Auth Service,52.12,7286,22.12,1509.0,0.0276,critical,production,2026-03-10T05:20:23.561661
svc_009,Search Service,API Gateway,Search Service,114.99,1669,34.0,869.0,0.008,medium,production,2026-03-10T05:26:23.561661
svc_009,Search Service,Catalog Service,Search Service,183.66,7677,29.43,966.0,0.0464,medium,production,2026-03-10T05:44:23.561661
svc_006,Notification Service,Order Service,Notification Service,155.97,4476,18.39,414.0,0.014,medium,production,2026-03-10T06:14:23.561661
svc_012,Config Service,Auth Service,Config Service,279.57,3431,60.33,1918.0,0.0239,high,production,2026-03-10T06:18:23.561661
svc_008,Catalog Service,Inventory Service,Catalog Service,505.41,2214,24.82,1292.0,0.0233,high,production,2026-03-10T06:18:23.561661
svc_013,Cache Service,Catalog Service,Cache Service,501.79,5971,24.58,1951.0,0.0208,high,production,2026-03-10T06:20:23.561661
svc_006,Notification Service,Payment Service,Notification Service,344.7,4589,60.04,1309.0,0.0388,medium,production,2026-03-10T06:38:23.561661
svc_012,Config Service,Order Service,Config Service,466.18,6930,72.27,1035.0,0.0232,high,production,2026-03-10T06:52:23.561661
svc_010,Analytics Service,User Service,Analytics Service,378.67,3442,52.75,1698.0,0.0258,low,production,2026-03-10T07:28:23.561661
svc_012,Config Service,Order Service,Config Service,184.32,9077,48.07,1675.0,0.0064,high,production,2026-03-10T07:34:23.561661
svc_012,Config Service,Order Service,Config Service,452.19,7580,37.13,690.0,0.0302,high,production,2026-03-10T07:47:23.561661
svc_016,Billing Service,Payment Service,Billing Service,37.28,8643,62.82,1408.0,0.0065,high,production,2026-03-10T07:52:23.561661
svc_017,Recommendation Service,Search Service,Recommendation Service,163.28,3288,28.44,573.0,0.0122,medium,production,2026-03-10T08:02:23.561661
svc_003,User Service,Auth Service,User Service,315.11,694,13.61,1809.0,0.0413,high,production,2026-03-10T08:23:23.561661
svc_006,Notification Service,Order Service,Notification Service,109.18,1558,84.39,346.0,0.0252,medium,production,2026-03-10T08:25:23.561661
svc_009,Search Service,Catalog Service,Search Service,54.53,1593,38.71,911.0,0.0365,medium,production,2026-03-10T08:36:23.561661
svc_015,Report Service,Analytics Service,Report Service,357.2,3536,22.65,493.0,0.002,low,production,2026-03-10T08:38:23.561661
svc_011,Logging Service,API Gateway,Logging Service,261.78,834,26.42,1629.0,0.0013,medium,production,2026-03-10T08:38:23.561661
svc_015,Report Service,Billing Service,Report Service,473.19,611,39.63,130.0,0.021,low,production,2026-03-10T08:44:23.561661
svc_008,Catalog Service,Inventory Service,Catalog Service,300.16,1179,58.03,1275.0,0.0297,high,production,2026-03-10T08:46:23.561661
svc_015,Report Service,Analytics Service,Report Service,253.61,3581,17.38,316.0,0.0055,low,production,2026-03-10T09:05:23.561661
svc_002,Auth Service,API Gateway,Auth Service,222.31,7538,11.3,403.0,0.0433,critical,production,2026-03-10T09:07:23.561661
svc_016,Billing Service,Payment Service,Billing Service,57.34,5879,71.59,1691.0,0.0088,high,production,2026-03-10T09:14:23.561661
svc_017,Recommendation Service,Search Service,Recommendation Service,260.29,2846,12.89,371.0,0.0218,medium,production,2026-03-10T09:17:23.561661
svc_002,Auth Service,API Gateway,Auth Service,272.76,6298,66.68,2025.0,0.037,critical,production,2026-03-10T09:19:23.561661
svc_012,Config Service,User Service,Config Service,249.09,4247,39.25,382.0,0.0375,high,production,2026-03-10T09:21:23.561661
svc_004,Order Service,API Gateway,Order Service,67.36,1867,50.38,441.0,0.0123,critical,production,2026-03-10T09:28:23.561661
svc_012,Config Service,User Service,Config Service,325.72,2850,8.32,1472.0,0.0169,high,production,2026-03-10T09:35:23.561661
svc_004,Order Service,API Gateway,Order Service,377.24,3842,19.01,1050.0,0.0276,critical,production,2026-03-10T09:44:23.561661
svc_009,Search Service,Catalog Service,Search Service,234.75,3945,26.9,1650.0,0.0407,medium,production,2026-03-10T10:01:23.561661
svc_011,Logging Service,API Gateway,Logging Service,378.01,3071,19.36,1297.0,0.0254,medium,production,2026-03-10T10:10:23.561661
svc_012,Config Service,User Service,Config Service,105.93,4887,23.58,1101.0,0.0044,high,production,2026-03-10T10:18:23.561661
svc_015,Report Service,Analytics Service,Report Service,165.96,1749,4.16,1870.0,0.0077,low,production,2026-03-10T10:20:23.561661
svc_014,Email Service,Notification Service,Email Service,440.85,4550,17.02,172.0,0.0248,medium,production,2026-03-10T10:26:23.561661
svc_016,Billing Service,Payment Service,Billing Service,488.99,5908,81.53,1586.0,0.0075,high,production,2026-03-10T10:29:23.561661
svc_013,Cache Service,Search Service,Cache Service,367.19,597,9.83,394.0,0.0344,high,production,2026-03-10T10:51:23.561661
svc_006,Notification Service,Order Service,Notification Service,97.82,8572,18.11,1547.0,0.0304,medium,production,2026-03-10T10:57:23.561661
svc_012,Config Service,User Service,Config Service,287.73,546,65.91,196.0,0.0421,high,production,2026-03-10T11:09:23.561661
svc_012,Config Service,Order Service,Config Service,197.95,6382,29.73,208.0,0.0126,high,production,2026-03-10T11:18:23.561661
svc_016,Billing Service,Payment Service,Billing Service,212.65,7430,25.92,855.0,0.0381,high,production,2026-03-10T11:20:23.561661
svc_011,Logging Service,API Gateway,Logging Service,31.64,6363,45.74,795.0,0.0136,medium,production,2026-03-10T11:25:23.561661
svc_012,Config Service,Order Service,Config Service,322.96,1529,55.26,1773.0,0.0059,high,production,2026-03-10T11:27:23.561661
svc_013,Cache Service,Search Service,Cache Service,431.72,4433,38.18,1026.0,0.0449,high,production,2026-03-10T11:29:23.561661
svc_007,Inventory Service,Order Service,Inventory Service,469.93,8843,61.0,1290.0,0.0419,high,production,2026-03-10T11:31:23.561661
svc_013,Cache Service,Search Service,Cache Service,486.11,3456,23.55,938.0,0.0439,high,production,2026-03-10T11:33:23.561661
svc_017,Recommendation Service,Search Service,Recommendation Service,301.34,1361,22.26,729.0,0.0019,medium,production,2026-03-10T12:34:23.561661
svc_012,Config Service,User Service,Config Service,456.84,8539,66.72,951.0,0.0391,high,production,2026-03-10T12:44:23.561661
svc_015,Report Service,Analytics Service,Report Service,115.84,4393,25.77,1247.0,0.0152,low,production,2026-03-10T12:52:23.561661
svc_017,Recommendation Service,Search Service,Recommendation Service,174.54,3703,36.12,1327.0,0.0176,medium,production,2026-03-10T12:57:23.561661
svc_002,Auth Service,API Gateway,Auth Service,79.88,6351,80.88,1760.0,0.0323,critical,production,2026-03-10T12:58:23.561661
svc_010,Analytics Service,User Service,Analytics Service,88.37,10,9.22,675.0,0.0496,low,production,2026-03-10T12:59:23.561661
svc_010,Analytics Service,Order Service,Analytics Service,366.63,366,38.57,338.0,0.0228,low,production,2026-03-10T13:02:23.561661
svc_005,Payment Service,Order Service,Payment Service,278.66,4536,28.37,222.0,0.0451,critical,production,2026-03-10T13:02:23.561661
svc_009,Search Service,Catalog Service,Search Service,482.66,6819,29.65,1472.0,0.0081,medium,production,2026-03-10T13:02:23.561661
svc_004,Order Service,API Gateway,Order Service,213.22,4829,43.39,1516.0,0.039,critical,production,2026-03-10T13:11:23.561661
svc_003,User Service,API Gateway,User Service,374.93,5553,81.1,991.0,0.011,high,production,2026-03-10T13:13:23.561661
svc_009,Search Service,API Gateway,Search Service,467.12,8067,78.61,1230.0,0.0275,medium,production,2026-03-10T13:14:23.561661
svc_006,Notification Service,Payment Service,Notification Service,249.32,5788,36.19,990.0,0.0488,medium,production,2026-03-10T13:20:23.561661
svc_010,Analytics Service,User Service,Analytics Service,233.14,4221,13.44,692.0,0.0041,low,production,2026-03-10T13:29:23.561661
svc_015,Report Service,Billing Service,Report Service,102.36,4648,41.16,1831.0,0.0065,low,production,2026-03-10T13:31:23.561661
svc_010,Analytics Service,Order Service,Analytics Service,437.68,3416,18.44,234.0,0.0262,low,production,2026-03-10T13:45:23.561661
svc_003,User Service,API Gateway,User Service,278.81,3379,76.87,813.0,0.0392,high,production,2026-03-10T13:49:23.561661
svc_013,Cache Service,Search Service,Cache Service,98.77,5811,41.99,1279.0,0.0031,high,production,2026-03-10T13:56:23.561661
svc_018,Session Service,Auth Service,Session Service,115.37,1708,24.75,1983.0,0.0247,high,production,2026-03-10T13:57:23.561661
svc_009,Search Service,API Gateway,Search Service,130.73,8657,72.96,1220.0,0.0477,medium,production,2026-03-10T14:00:23.561661
svc_005,Payment Service,Order Service,Payment Service,142.98,2896,70.07,743.0,0.0363,critical,production,2026-03-10T14:06:23.561661
svc_008,Catalog Service,Inventory Service,Catalog Service,110.06,6256,41.45,958.0,0.0371,high,production,2026-03-10T14:06:23.561661
svc_018,Session Service,Auth Service,Session Service,217.5,1456,26.14,1680.0,0.0299,high,production,2026-03-10T14:07:23.561661
svc_002,Auth Service,API Gateway,Auth Service,123.24,3120,29.5,312.0,0.0309,critical,production,2026-03-10T14:11:23.561661
svc_008,Catalog Service,Inventory Service,Catalog Service,295.14,6123,16.14,1799.0,0.0159,high,production,2026-03-10T14:54:23.561661
svc_017,Recommendation Service,Search Service,Recommendation Service,279.93,4815,39.54,664.0,0.0378,medium,production,2026-03-10T14:57:23.561661
svc_009,Search Service,API Gateway,Search Service,227.44,2165,38.33,390.0,0.0359,medium,production,2026-03-10T15:19:23.561661
svc_006,Notification Service,Payment Service,Notification Service,37.03,7836,48.61,1089.0,0.0206,medium,production,2026-03-10T15:19:23.561661
svc_004,Order Service,API Gateway,Order Service,367.25,5948,70.54,1193.0,0.0381,critical,production,2026-03-10T15:25:23.561661
svc_014,Email Service,Notification Service,Email Service,260.07,5378,8.38,347.0,0.0208,medium,production,2026-03-10T15:28:23.561661
svc_015,Report Service,Billing Service,Report Service,113.78,7329,11.74,1408.0,0.0291,low,production,2026-03-10T15:29:23.561661
svc_008,Catalog Service,Inventory Service,Catalog Service,133.67,6248,13.09,1487.0,0.0079,high,production,2026-03-10T15:36:23.561661
svc_010,Analytics Service,Order Service,Analytics Service,52.25,8562,69.18,184.0,0.0322,low,production,2026-03-10T16:04:23.561661
svc_003,User Service,Auth Service,User Service,376.33,955,29.21,712.0,0.0189,high,production,2026-03-10T16:05:23.561661
svc_012,Config Service,Auth Service,Config Service,477.11,3619,81.59,177.0,0.0335,high,production,2026-03-10T16:09:23.561661
svc_013,Cache Service,Catalog Service,Cache Service,83.21,1128,39.88,1254.0,0.0239,high,production,2026-03-10T16:25:23.561661
svc_015,Report Service,Analytics Service,Report Service,260.03,2410,26.15,2006.0,0.0216,low,production,2026-03-10T16:45:23.561661
svc_014,Email Service,Notification Service,Email Service,344.95,1626,43.17,645.0,0.0492,medium,production,2026-03-10T17:00:23.561661
svc_004,Order Service,API Gateway,Order Service,355.36,2673,54.94,1152.0,0.0355,critical,production,2026-03-10T17:14:23.561661
svc_009,Search Service,Catalog Service,Search Service,437.93,7218,48.03,1656.0,0.0078,medium,production,2026-03-10T17:20:23.561661
svc_015,Report Service,Analytics Service,Report Service,284.32,1993,5.99,1938.0,0.046,low,production,2026-03-10T17:36:23.561661
svc_009,Search Service,API Gateway,Search Service,322.25,9149,13.53,1602.0,0.0253,medium,production,2026-03-10T17:36:23.561661
svc_003,User Service,Auth Service,User Service,435.54,6099,66.85,1480.0,0.0388,high,production,2026-03-10T17:36:23.561661
svc_005,Payment Service,Order Service,Payment Service,194.49,3726,53.42,1272.0,0.0446,critical,production,2026-03-10T17:37:23.561661
svc_013,Cache Service,Catalog Service,Cache Service,211.12,3167,12.78,293.0,0.0175,high,production,2026-03-10T17:38:23.561661
svc_010,Analytics Service,User Service,Analytics Service,315.84,228,23.91,1969.0,0.048,low,production,2026-03-10T17:44:23.561661
svc_004,Order Service,API Gateway,Order Service,312.33,4004,14.6,676.0,0.0013,critical,production,2026-03-10T17:44:23.561661
svc_012,Config Service,Auth Service,Config Service,179.28,6047,69.68,1064.0,0.008,high,production,2026-03-10T17:46:23.561661
svc_013,Cache Service,Search Service,Cache Service,531.35,3692,19.2,282.0,0.0024,high,production,2026-03-10T17:49:23.561661
svc_003,User Service,API Gateway,User Service,304.95,8987,33.62,1153.0,0.0411,high,production,2026-03-10T17:51:23.561661
svc_006,Notification Service,Payment Service,Notification Service,151.08,283,52.42,1359.0,0.0295,medium,production,2026-03-10T17:54:23.561661
svc_010,Analytics Service,User Service,Analytics Service,274.87,3589,67.57,1843.0,0.0201,low,production,2026-03-10T18:14:23.561661
svc_016,Billing Service,Payment Service,Billing Service,448.41,7348,15.11,838.0,0.023,high,production,2026-03-10T18:20:23.561661
svc_015,Report Service,Analytics Service,Report Service,544.14,10,11.57,383.0,0.0458,low,production,2026-03-10T18:22:23.561661
svc_014,Email Service,Notification Service,Email Service,81.75,199,28.27,1549.0,0.0326,medium,production,2026-03-10T18:38:23.561661
svc_010,Analytics Service,Order Service,Analytics Service,373.54,5168,13.01,1996.0,0.0401,low,production,2026-03-10T18:39:23.561661
svc_015,Report Service,Analytics Service,Report Service,387.62,2395,16.48,1578.0,0.0135,low,production,2026-03-10T18:39:23.561661
svc_009,Search Service,Catalog Service,Search Service,480.97,3328,40.44,1320.0,0.0221,medium,production,2026-03-10T18:41:23.561661
svc_014,Email Service,Notification Service,Email Service,494.08,3442,30.86,227.0,0.0424,medium,production,2026-03-10T18:50:23.561661
svc_007,Inventory Service,Order Service,Inventory Service,78.38,6455,39.98,1659.0,0.0046,high,production,2026-03-10T18:58:23.561661
svc_004,Order Service,API Gateway,Order Service,273.35,1793,49.27,663.0,0.0332,critical,production,2026-03-10T18:58:23.561661
svc_002,Auth Service,API Gateway,Auth Service,150.32,3839,72.28,1860.0,0.0049,critical,production,2026-03-10T19:03:23.561661
svc_009,Search Service,Catalog Service,Search Service,244.39,5298,67.94,130.0,0.0185,medium,production,2026-03-10T19:13:23.561661
svc_006,Notification Service,Payment Service,Notification Service,169.8,1836,35.99,1272.0,0.0268,medium,production,2026-03-10T19:14:23.561661
svc_010,Analytics Service,Order Service,Analytics Service,468.02,9207,13.24,783.0,0.0266,low,production,2026-03-10T19:26:23.561661
svc_010,Analytics Service,Order Service,Analytics Service,149.27,462,48.12,1013.0,0.0307,low,production,2026-03-10T20:04:23.561661
svc_015,Report Service,Billing Service,Report Service,502.56,6653,34.97,1104.0,0.0123,low,production,2026-03-10T20:10:23.561661
svc_006,Notification Service,Order Service,Notification Service,128.51,4951,47.05,1343.0,0.0072,medium,production,2026-03-10T20:24:23.561661
svc_010,Analytics Service,User Service,Analytics Service,318.8,6051,55.72,1926.0,0.0099,low,production,2026-03-10T20:40:23.561661
svc_006,Notification Service,Order Service,Notification Service,218.12,8206,83.21,138.0,0.032,medium,production,2026-03-10T20:48:23.561661
svc_010,Analytics Service,Order Service,Analytics Service,148.78,3826,40.53,1943.0,0.0183,low,production,2026-03-10T20:52:23.561661
svc_015,Report Service,Analytics Service,Report Service,494.55,3914,7.84,1699.0,0.0073,low,production,2026-03-10T21:12:23.561661
svc_013,Cache Service,Catalog Service,Cache Service,351.28,2627,17.5,343.0,0.0125,high,production,2026-03-10T21:24:23.561661
svc_012,Config Service,User Service,Config Service,226.98,8119,52.33,1242.0,0.0462,high,production,2026-03-10T21:41:23.561661
svc_010,Analytics Service,Order Service,Analytics Service,408.74,5461,76.24,1413.0,0.0026,low,production,2026-03-10T21:51:23.561661
svc_014,Email Service,Notification Service,Email Service,265.5,1133,16.92,1697.0,0.0018,medium,production,2026-03-10T22:21:23.561661
svc_016,Billing Service,Payment Service,Billing Service,300.99,3503,31.21,1463.0,0.044,high,production,2026-03-10T22:44:23.561661
svc_006,Notification Service,Payment Service,Notification Service,58.82,2360,47.71,693.0,0.0225,medium,production,2026-03-10T22:52:23.561661
svc_009,Search Service,API Gateway,Search Service,172.64,7802,12.39,928.0,0.034,medium,production,2026-03-10T22:59:23.561661
svc_012,Config Service,Order Service,Config Service,73.96,6062,66.37,612.0,0.0378,high,production,2026-03-10T23:05:23.561661
svc_017,Recommendation Service,Search Service,Recommendation Service,60.98,4552,50.89,1681.0,0.0351,medium,production,2026-03-10T23:09:23.561661
svc_016,Billing Service,Payment Service,Billing Service,113.38,3421,66.11,1809.0,0.004,high,production,2026-03-10T23:22:23.561661
svc_018,Session Service,Auth Service,Session Service,254.45,5366,50.27,1573.0,0.0247,high,production,2026-03-10T23:23:23.561661
svc_015,Report Service,Analytics Service,Report Service,322.7,315,6.25,358.0,0.0211,low,production,2026-03-10T23:46:23.561661
svc_012,Config Service,Auth Service,Config Service,364.64,8618,82.38,793.0,0.0285,high,production,2026-03-11T00:09:23.561661
svc_011,Logging Service,API Gateway,Logging Service,195.45,10,15.76,952.0,0.0265,medium,production,2026-03-11T00:09:23.561661
svc_003,User Service,Auth Service,User Service,382.49,9370,36.76,965.0,0.0277,high,production,2026-03-11T00:37:23.561661
svc_007,Inventory Service,Order Service,Inventory Service,120.77,8373,29.92,1429.0,0.0482,high,production,2026-03-11T00:38:23.561661
svc_005,Payment Service,Order Service,Payment Service,315.6,10063,57.68,1829.0,0.0448,critical,production,2026-03-11T00:45:23.561661
svc_013,Cache Service,Search Service,Cache Service,386.97,4305,9.09,785.0,0.0305,high,production,2026-03-11T00:53:23.561661
svc_006,Notification Service,Order Service,Notification Service,151.25,10020,23.56,940.0,0.026,medium,production,2026-03-11T01:07:23.561661
svc_014,Email Service,Notification Service,Email Service,489.71,4214,48.16,1761.0,0.0396,medium,production,2026-03-11T01:10:23.561661
svc_004,Order Service,API Gateway,Order Service,62.58,6835,83.5,1872.0,0.034,critical,production,2026-03-11T01:15:23.561661
svc_012,Config Service,Auth Service,Config Service,427.11,4538,82.09,1002.0,0.0078,high,production,2026-03-11T01:16:23.561661
svc_003,User Service,API Gateway,User Service,223.93,8166,60.07,1907.0,0.0271,high,production,2026-03-11T01:27:23.561661
svc_005,Payment Service,Order Service,Payment Service,259.55,7303,68.99,1667.0,0.0309,critical,production,2026-03-11T01:38:23.561661
svc_009,Search Service,API Gateway,Search Service,474.63,5810,63.78,1952.0,0.0023,medium,production,2026-03-11T01:50:23.561661
svc_010,Analytics Service,User Service,Analytics Service,109.91,4136,37.8,623.0,0.0065,low,production,2026-03-11T01:51:23.561661
svc_003,User Service,API Gateway,User Service,220.58,10197,81.09,186.0,0.0453,high,production,2026-03-11T01:54:23.561661
svc_004,Order Service,API Gateway,Order Service,207.91,4251,38.07,260.0,0.0457,critical,production,2026-03-11T01:59:23.561661
svc_006,Notification Service,Payment Service,Notification Service,284.79,549,11.27,1582.0,0.0476,medium,production,2026-03-11T02:09:23.561661
svc_009,Search Service,API Gateway,Search Service,246.34,1179,84.94,648.0,0.0042,medium,production,2026-03-11T02:15:23.561661
svc_013,Cache Service,Catalog Service,Cache Service,248.05,10,52.37,1500.0,0.0297,high,production,2026-03-11T02:17:23.561661
svc_012,Config Service,Order Service,Config Service,392.51,5920,13.58,415.0,0.0163,high,production,2026-03-11T02:22:23.561661
svc_013,Cache Service,Search Service,Cache Service,504.7,5404,24.58,1107.0,0.0075,high,production,2026-03-11T02:50:23.561661
svc_015,Report Service,Billing Service,Report Service,481.92,675,47.29,1041.0,0.0123,low,production,2026-03-11T02:53:23.561661
svc_006,Notification Service,Payment Service,Notification Service,164.77,7588,84.94,684.0,0.0372,medium,production,2026-03-11T03:08:23.561661
svc_012,Config Service,User Service,Config Service,485.81,2973,41.75,1185.0,0.0275,high,production,2026-03-11T03:13:23.561661
svc_018,Session Service,Auth Service,Session Service,281.79,9527,79.08,1972.0,0.0081,high,production,2026-03-11T03:19:23.561661
svc_017,Recommendation Service,Search Service,Recommendation Service,288.88,3506,7.46,341.0,0.0177,medium,production,2026-03-11T03:38:23.561661
svc_011,Logging Service,API Gateway,Logging Service,463.53,8336,77.72,1295.0,0.0205,medium,production,2026-03-11T03:42:23.561661
svc_006,Notification Service,Payment Service,Notification Service,37.28,9927,62.73,1645.0,0.0192,medium,production,2026-03-11T03:42:23.561661
svc_018,Session Service,Auth Service,Session Service,418.14,1122,81.01,924.0,0.0333,high,production,2026-03-11T03:44:23.561661
svc_018,Session Service,Auth Service,Session Service,372.57,631,75.33,1828.0,0.0155,high,production,2026-03-11T03:48:23.561661
svc_015,Report Service,Billing Service,Report Service,448.33,2154,39.74,886.0,0.0346,low,production,2026-03-11T04:00:23.561661
svc_016,Billing Service,Payment Service,Billing Service,167.99,4835,79.04,456.0,0.0199,high,production,2026-03-11T04:05:23.561661
svc_016,Billing Service,Payment Service,Billing Service,181.94,4141,45.11,290.0,0.0209,high,production,2026-03-11T04:07:23.561661
svc_014,Email Service,Notification Service,Email Service,69.26,2161,14.71,1466.0,0.004,medium,production,2026-03-11T04:09:23.561661
svc_017,Recommendation Service,Search Service,Recommendation Service,537.93,4313,37.99,914.0,0.0228,medium,production,2026-03-11T04:15:23.561661
svc_012,Config Service,User Service,Config Service,426.5,4200,47.47,1231.0,0.018,high,production,2026-03-11T04:25:23.561661
svc_015,Report Service,Billing Service,Report Service,297.08,7978,44.94,1216.0,0.0111,low,production,2026-03-11T04:27:23.561661
svc_012,Config Service,Order Service,Config Service,77.08,8094,38.54,861.0,0.0257,high,production,2026-03-11T04:33:23.561661
svc_013,Cache Service,Search Service,Cache Service,267.72,4854,26.88,1924.0,0.0048,high,production,2026-03-11T04:34:23.561661
svc_017,Recommendation Service,Search Service,Recommendation Service,216.42,5800,20.37,666.0,0.0297,medium,production,2026-03-11T05:03:23.561661
svc_003,User Service,API Gateway,User Service,447.25,1813,40.26,1820.0,0.0254,high,production,2026-03-11T05:03:23.561661
svc_004,Order Service,API Gateway,Order Service,315.75,9429,74.57,1077.0,0.0287,critical,production,2026-03-11T05:13:23.561661
svc_008,Catalog Service,Inventory Service,Catalog Service,172.36,1007,32.76,556.0,0.0272,high,production,2026-03-11T05:46:23.561661
svc_006,Notification Service,Order Service,Notification Service,134.17,3592,33.15,923.0,0.0024,medium,production,2026-03-11T06:01:23.561661
svc_013,Cache Service,Catalog Service,Cache Service,414.06,7227,55.75,1876.0,0.0094,high,production,2026-03-11T06:10:23.561661
svc_012,Config Service,Auth Service,Config Service,407.78,4491,11.33,902.0,0.0101,high,production,2026-03-11T06:18:23.561661
svc_014,Email Service,Notification Service,Email Service,389.39,5734,46.32,687.0,0.0224,medium,production,2026-03-11T06:32:23.561661
svc_004,Order Service,API Gateway,Order Service,444.98,7731,66.36,1471.0,0.0179,critical,production,2026-03-11T07:00:23.561661
svc_010,Analytics Service,Order Service,Analytics Service,238.16,2970,70.95,1796.0,0.0238,low,production,2026-03-11T07:05:23.561661
svc_005,Payment Service,Order Service,Payment Service,366.73,9069,43.04,1460.0,0.021,critical,production,2026-03-11T07:18:23.561661
svc_005,Payment Service,Order Service,Payment Service,208.0,7037,25.6,601.0,0.0304,critical,production,2026-03-11T07:22:23.561661
svc_005,Payment Service,Order Service,Payment Service,298.72,4737,73.38,751.0,0.0132,critical,production,2026-03-11T07:33:23.561661
svc_012,Config Service,Order Service,Config Service,61.53,10069,20.7,521.0,0.0331,high,production,2026-03-11T07:44:23.561661
svc_012,Config Service,User Service,Config Service,493.79,2484,20.89,1351.0,0.0063,high,production,2026-03-11T08:21:23.561661
svc_009,Search Service,Catalog Service,Search Service,493.52,442,21.82,1401.0,0.0136,medium,production,2026-03-11T08:28:23.561661
svc_003,User Service,Auth Service,User Service,126.92,9386,69.68,1859.0,0.0183,high,production,2026-03-11T08:33:23.561661
svc_005,Payment Service,Order Service,Payment Service,256.04,3119,38.75,2006.0,0.0043,critical,production,2026-03-11T08:45:23.561661
svc_008,Catalog Service,Inventory Service,Catalog Service,201.27,1950,35.13,255.0,0.0373,high,production,2026-03-11T08:51:23.561661
svc_013,Cache Service,Catalog Service,Cache Service,259.01,5287,45.07,815.0,0.0238,high,production,2026-03-11T09:12:23.561661
svc_015,Report Service,Analytics Service,Report Service,371.55,10,26.07,493.0,0.0472,low,production,2026-03-11T09:15:23.561661
svc_014,Email Service,Notification Service,Email Service,303.68,3519,37.66,1506.0,0.0323,medium,production,2026-03-11T09:50:23.561661
svc_013,Cache Service,Catalog Service,Cache Service,48.29,906,18.33,1887.0,0.0457,high,production,2026-03-11T09:51:23.561661
svc_009,Search Service,API Gateway,Search Service,373.09,2048,44.08,822.0,0.015,medium,production,2026-03-11T10:02:23.561661
svc_013,Cache Service,Search Service,Cache Service,329.76,416,31.31,1281.0,0.0323,high,production,2026-03-11T10:09:23.561661
svc_009,Search Service,Catalog Service,Search Service,152.08,5087,59.14,1696.0,0.0106,medium,production,2026-03-11T10:13:23.561661
svc_008,Catalog Service,Inventory Service,Catalog Service,237.24,2353,55.53,806.0,0.0105,high,production,2026-03-11T10:24:23.561661
svc_003,User Service,API Gateway,User Service,427.2,7071,10.64,1301.0,0.0237,high,production,2026-03-11T10:28:23.561661
svc_009,Search Service,API Gateway,Search Service,310.83,7164,73.09,1622.0,0.0012,medium,production,2026-03-11T10:30:23.561661
svc_005,Payment Service,Order Service,Payment Service,382.88,9398,37.73,1763.0,0.0209,critical,production,2026-03-11T10:35:23.561661
svc_005,Payment Service,Order Service,Payment Service,132.75,3307,84.76,607.0,0.0351,critical,production,2026-03-11T10:36:23.561661
svc_012,Config Service,User Service,Config Service,24.4,5353,29.24,246.0,0.0054,high,production,2026-03-11T10:44:23.561661
svc_014,Email Service,Notification Service,Email Service,474.86,3842,46.74,1846.0,0.045,medium,production,2026-03-11T10:53:23.561661
svc_003,User Service,API Gateway,User Service,424.1,7731,70.7,931.0,0.0354,high,production,2026-03-11T11:00:23.561661
svc_018,Session Service,Auth Service,Session Service,356.08,4248,30.59,1111.0,0.0218,high,production,2026-03-11T11:07:23.561661
svc_016,Billing Service,Payment Service,Billing Service,210.42,5422,79.73,552.0,0.0272,high,production,2026-03-11T11:17:23.561661
svc_016,Billing Service,Payment Service,Billing Service,428.87,4769,70.53,360.0,0.0053,high,production,2026-03-11T11:17:23.561661
svc_016,Billing Service,Payment Service,Billing Service,310.03,9328,82.47,1172.0,0.001,high,production,2026-03-11T11:17:23.561661
svc_015,Report Service,Analytics Service,Report Service,549.81,2541,23.51,1852.0,0.0183,low,production,2026-03-11T11:20:23.561661
svc_009,Search Service,Catalog Service,Search Service,418.93,7649,48.83,425.0,0.0321,medium,production,2026-03-11T11:37:23.561661
svc_007,Inventory Service,Order Service,Inventory Service,158.32,6224,48.82,1027.0,0.0431,high,production,2026-03-11T11:53:23.561661
svc_009,Search Service,Catalog Service,Search Service,448.44,5013,48.91,1000.0,0.0122,medium,production,2026-03-11T12:07:23.561661
svc_018,Session Service,Auth Service,Session Service,130.75,8343,82.94,796.0,0.029,high,production,2026-03-11T12:13:23.561661
svc_004,Order Service,API Gateway,Order Service,299.38,4984,65.79,1271.0,0.033,critical,production,2026-03-11T12:23:23.561661
svc_017,Recommendation Service,Search Service,Recommendation Service,26.54,4203,35.21,1903.0,0.0119,medium,production,2026-03-11T12:33:23.561661
svc_010,Analytics Service,Order Service,Analytics Service,130.9,3175,75.86,1333.0,0.0354,low,production,2026-03-11T12:46:23.561661
svc_003,User Service,API Gateway,User Service,498.1,4067,75.38,748.0,0.0175,high,production,2026-03-11T13:15:23.561661
svc_013,Cache Service,Catalog Service,Cache Service,460.95,581,29.75,1477.0,0.0135,high,production,2026-03-11T13:21:23.561661
svc_012,Config Service,User Service,Config Service,396.65,5413,43.96,582.0,0.0163,high,production,2026-03-11T13:39:23.561661
svc_011,Logging Service,API Gateway,Logging Service,317.15,6663,80.13,1288.0,0.0245,medium,production,2026-03-11T13:50:23.561661
svc_009,Search Service,API Gateway,Search Service,158.2,6627,82.08,1360.0,0.0409,medium,production,2026-03-11T14:01:23.561661
svc_010,Analytics Service,User Service,Analytics Service,428.09,4263,19.5,682.0,0.0264,low,production,2026-03-11T14:08:23.561661
svc_004,Order Service,API Gateway,Order Service,275.07,6001,23.79,1432.0,0.021,critical,production,2026-03-11T14:10:23.561661
svc_012,Config Service,User Service,Config Service,403.1,7191,26.81,1083.0,0.0035,high,production,2026-03-11T14:19:23.561661
svc_009,Search Service,Catalog Service,Search Service,368.82,1792,66.48,970.0,0.0379,medium,production,2026-03-11T14:44:23.561661
svc_017,Recommendation Service,Search Service,Recommendation Service,162.63,5472,6.71,454.0,0.0216,medium,production,2026-03-11T14:49:23.561661
svc_013,Cache Service,Catalog Service,Cache Service,436.6,2482,24.57,944.0,0.0317,high,production,2026-03-11T15:01:23.561661
svc_003,User Service,Auth Service,User Service,313.27,5852,80.94,420.0,0.0054,high,production,2026-03-11T15:07:23.561661
svc_006,Notification Service,Order Service,Notification Service,191.68,8509,50.49,2005.0,0.0358,medium,production,2026-03-11T15:13:23.561661
svc_002,Auth Service,API Gateway,Auth Service,183.3,1845,20.96,1015.0,0.0255,critical,production,2026-03-11T15:19:23.561661
svc_010,Analytics Service,Order Service,Analytics Service,448.7,8182,19.87,1943.0,0.0033,low,production,2026-03-11T15:22:23.561661
svc_018,Session Service,Auth Service,Session Service,110.51,1899,68.7,1149.0,0.0023,high,production,2026-03-11T15:33:23.561661
svc_013,Cache Service,Search Service,Cache Service,64.82,3679,10.78,243.0,0.0487,high,production,2026-03-11T15:38:23.561661
svc_006,Notification Service,Payment Service,Notification Service,260.49,3974,34.0,765.0,0.0498,medium,production,2026-03-11T15:39:23.561661
svc_010,Analytics Service,Order Service,Analytics Service,371.0,5769,40.28,169.0,0.0345,low,production,2026-03-11T15:48:23.561661
svc_002,Auth Service,API Gateway,Auth Service,497.99,1745,32.91,260.0,0.0089,critical,production,2026-03-11T15:49:23.561661
svc_004,Order Service,API Gateway,Order Service,365.16,2686,39.87,881.0,0.0139,critical,production,2026-03-11T15:57:23.561661
svc_009,Search Service,API Gateway,Search Service,141.28,7791,24.38,1162.0,0.0169,medium,production,2026-03-11T16:00:23.561661
svc_017,Recommendation Service,Search Service,Recommendation Service,79.87,5189,26.48,1918.0,0.0112,medium,production,2026-03-11T16:06:23.561661
svc_006,Notification Service,Order Service,Notification Service,184.38,10,22.19,1564.0,0.0119,medium,production,2026-03-11T16:28:23.561661
svc_003,User Service,Auth Service,User Service,273.71,7783,10.94,1478.0,0.0162,high,production,2026-03-11T16:28:23.561661
svc_003,User Service,API Gateway,User Service,151.42,7995,61.02,711.0,0.0197,high,production,2026-03-11T16:31:23.561661
svc_013,Cache Service,Catalog Service,Cache Service,48.68,1473,52.98,429.0,0.0247,high,production,2026-03-11T16:37:23.561661
svc_005,Payment Service,Order Service,Payment Service,20.94,9948,16.87,1755.0,0.0404,critical,production,2026-03-11T16:43:23.561661
svc_007,Inventory Service,Order Service,Inventory Service,194.87,3880,45.08,709.0,0.0373,high,production,2026-03-11T16:51:23.561661
svc_003,User Service,API Gateway,User Service,394.03,5557,77.47,442.0,0.0181,high,production,2026-03-11T16:51:23.561661
svc_016,Billing Service,Payment Service,Billing Service,344.38,5408,63.13,1212.0,0.0234,high,production,2026-03-11T16:54:23.561661
svc_014,Email Service,Notification Service,Email Service,341.5,1641,39.09,1596.0,0.0289,medium,production,2026-03-11T16:57:23.561661
svc_008,Catalog Service,Inventory Service,Catalog Service,44.39,4118,54.24,1580.0,0.0052,high,production,2026-03-11T17:00:23.561661
svc_003,User Service,API Gateway,User Service,245.32,4730,23.92,1878.0,0.0285,high,production,2026-03-11T17:06:23.561661
svc_007,Inventory Service,Order Service,Inventory Service,243.16,8174,23.19,1086.0,0.0077,high,production,2026-03-11T17:16:23.561661
svc_017,Recommendation Service,Search Service,Recommendation Service,504.01,1094,19.45,1677.0,0.0405,medium,production,2026-03-11T17:26:23.561661
svc_016,Billing Service,Payment Service,Billing Service,439.8,1947,60.08,684.0,0.0053,high,production,2026-03-11T17:35:23.561661
svc_015,Report Service,Billing Service,Report Service,473.31,5554,24.88,1547.0,0.0272,low,production,2026-03-11T17:44:23.561661
svc_013,Cache Service,Search Service,Cache Service,79.42,2409,40.72,307.0,0.0497,high,production,2026-03-11T17:49:23.561661
svc_007,Inventory Service,Order Service,Inventory Service,493.23,1768,30.15,1648.0,0.0229,high,production,2026-03-11T17:52:23.561661
svc_004,Order Service,API Gateway,Order Service,214.9,2332,28.33,941.0,0.0087,critical,production,2026-03-11T17:56:23.561661
svc_003,User Service,API Gateway,User Service,105.36,2846,46.09,1270.0,0.039,high,production,2026-03-11T18:15:23.561661
svc_012,Config Service,Auth Service,Config Service,235.16,10,47.58,1864.0,0.0103,high,production,2026-03-11T18:29:23.561661
